ID,raw_event_ID,start_time,end_time,player_ID,team_ID,action,half,successful,pos_x,pos_y
20190719-POR-UTA-0,20190719-POR-UTA-10,0:00,0:16,Elizabeth Rose Ball,POR,recovery,1st half,null,21.4,19.9
20190719-POR-UTA-1,20190719-POR-UTA-16,0:01,0:21,Margaret Purce,POR,challenge,1st half,0,58.1,6.0
20190719-POR-UTA-2,20190719-POR-UTA-17,0:01,0:21,Becky Sauerbrunn,UTA,challenge,1st half,1,46.9,62.0
20190719-POR-UTA-3,20190719-POR-UTA-23,0:04,0:24,Rachel Louise Corsie,UTA,recovery,1st half,null,38.2,42.1
20190719-POR-UTA-4,20190719-POR-UTA-30,0:10,0:30,Ellie Madison Carpenter,POR,recovery,1st half,null,23.6,23.5
20190719-POR-UTA-5,20190719-POR-UTA-46,0:21,0:41,Adrianna Nichole Franch,POR,recovery,1st half,null,4.4,35.7
20190719-POR-UTA-6,20190719-POR-UTA-49,0:29,0:49,Rachel Louise Corsie,UTA,recovery,1st half,null,39.4,20.7
20190719-POR-UTA-7,20190719-POR-UTA-68,0:44,1:04,Gunnhildur Yrsa Jonsdottir,UTA,recovery,1st half,null,55.5,1.8
20190719-POR-UTA-8,20190719-POR-UTA-98,1:27,1:47,Rachel Louise Corsie,UTA,recovery,1st half,null,22.2,48.3
20190719-POR-UTA-9,20190719-POR-UTA-106,1:32,1:52,Christine Margaret Sinclair,POR,challenge,1st half,0,66.5,42.7
20190719-POR-UTA-10,20190719-POR-UTA-107,1:32,1:52,Christine Margaret Sinclair,POR,take_on,1st half,0,66.5,42.7
20190719-POR-UTA-11,20190719-POR-UTA-108,1:32,1:52,Gunnhildur Yrsa Jonsdottir,UTA,challenge,1st half,1,38.5,25.3
20190719-POR-UTA-12,20190719-POR-UTA-109,1:32,1:52,Gunnhildur Yrsa Jonsdottir,UTA,tackle,1st half,1,38.5,25.3
20190719-POR-UTA-13,20190719-POR-UTA-114,1:50,2:10,Christine Margaret Sinclair,POR,take_on,1st half,1,77.2,53.0
20190719-POR-UTA-14,20190719-POR-UTA-115,1:50,2:10,Lo'eau LaBonta,UTA,tackle,1st half,0,27.8,15.0
20190719-POR-UTA-15,20190719-POR-UTA-116,1:50,2:10,Lo'eau LaBonta,UTA,challenge,1st half,0,27.8,15.0
20190719-POR-UTA-16,20190719-POR-UTA-126,1:59,2:19,Mandy Laddish,UTA,recovery,1st half,null,28.0,27.3
20190719-POR-UTA-17,20190719-POR-UTA-129,2:04,2:24,Hayley Emma Raso,POR,challenge,1st half,1,86.6,47.5
20190719-POR-UTA-18,20190719-POR-UTA-130,2:04,2:24,Hayley Emma Raso,POR,tackle,1st half,1,86.6,47.5
20190719-POR-UTA-19,20190719-POR-UTA-131,2:04,2:24,Rachel Louise Corsie,UTA,challenge,1st half,0,18.4,20.5
20190719-POR-UTA-20,20190719-POR-UTA-132,2:07,2:27,Becky Sauerbrunn,UTA,recovery,1st half,null,13.8,34.5
20190719-POR-UTA-21,20190719-POR-UTA-133,2:07,2:27,Margaret Purce,POR,challenge,1st half,0,91.3,32.1
20190719-POR-UTA-22,20190719-POR-UTA-134,2:07,2:27,Becky Sauerbrunn,UTA,challenge,1st half,1,13.7,35.9
20190719-POR-UTA-23,20190719-POR-UTA-138,2:14,2:34,Ellie Madison Carpenter,POR,recovery,1st half,null,80.0,6.8
20190719-POR-UTA-24,20190719-POR-UTA-143,2:24,2:44,Kelley Maureen O'Hara,UTA,dribble,1st half,1,26.2,65.0
20190719-POR-UTA-25,20190719-POR-UTA-149,2:29,2:49,Meghan Elizabeth Klingenberg,POR,recovery,1st half,null,55.0,39.1
20190719-POR-UTA-26,20190719-POR-UTA-153,2:34,2:54,Nicole Renee Barnhart,UTA,recovery,1st half,null,9.1,24.5
20190719-POR-UTA-27,20190719-POR-UTA-163,3:08,3:28,Christen Annemarie Press,UTA,challenge,1st half,0,45.5,56.8
20190719-POR-UTA-28,20190719-POR-UTA-164,3:08,3:28,Elizabeth Rose Ball,POR,challenge,1st half,1,59.5,11.2
20190719-POR-UTA-29,20190719-POR-UTA-165,3:08,3:28,Christen Annemarie Press,UTA,take_on,1st half,0,45.5,56.8
20190719-POR-UTA-30,20190719-POR-UTA-166,3:08,3:28,Elizabeth Rose Ball,POR,tackle,1st half,1,59.5,11.2
20190719-POR-UTA-31,20190719-POR-UTA-169,3:10,3:30,Christine Margaret Sinclair,POR,recovery,1st half,null,61.6,24.7
20190719-POR-UTA-32,20190719-POR-UTA-172,3:13,3:33,Becky Sauerbrunn,UTA,challenge,1st half,0,29.6,45.9
20190719-POR-UTA-33,20190719-POR-UTA-173,3:13,3:33,Margaret Purce,POR,challenge,1st half,1,75.4,22.1
20190719-POR-UTA-34,20190719-POR-UTA-178,3:14,3:34,Kelley Maureen O'Hara,UTA,recovery,1st half,null,30.8,54.2
20190719-POR-UTA-35,20190719-POR-UTA-183,3:16,3:36,Gabrielle Seiler,POR,recovery,1st half,null,70.0,10.6
20190719-POR-UTA-36,20190719-POR-UTA-201,3:33,3:53,Kelley Maureen O'Hara,UTA,tackle,1st half,0,30.6,63.4
20190719-POR-UTA-37,20190719-POR-UTA-202,3:33,3:53,Kelley Maureen O'Hara,UTA,challenge,1st half,0,30.6,63.4
20190719-POR-UTA-38,20190719-POR-UTA-203,3:33,3:53,Ellie Madison Carpenter,POR,take_on,1st half,1,74.4,4.6
20190719-POR-UTA-39,20190719-POR-UTA-219,4:43,5:03,Amy Joy Rodriguez Shilling,UTA,challenge,1st half,0,67.2,33.1
20190719-POR-UTA-40,20190719-POR-UTA-220,4:43,5:03,Gabrielle Seiler,POR,challenge,1st half,1,37.8,34.9
20190719-POR-UTA-41,20190719-POR-UTA-250,4:58,5:18,Lindsey Michelle Horan,POR,challenge,1st half,0,43.2,47.3
20190719-POR-UTA-42,20190719-POR-UTA-251,4:58,5:18,Amy Joy Rodriguez Shilling,UTA,challenge,1st half,1,61.8,20.7
20190719-POR-UTA-43,20190719-POR-UTA-264,7:23,7:43,Gunnhildur Yrsa Jonsdottir,UTA,challenge,1st half,0,49.9,35.1
20190719-POR-UTA-44,20190719-POR-UTA-265,7:23,7:43,Lindsey Michelle Horan,POR,challenge,1st half,1,55.1,32.9
20190719-POR-UTA-45,20190719-POR-UTA-282,7:39,7:59,Ellie Madison Carpenter,POR,dribble,1st half,1,90.5,1.8
20190719-POR-UTA-46,20190719-POR-UTA-297,7:56,8:16,Becky Sauerbrunn,UTA,challenge,1st half,0,18.4,53.0
20190719-POR-UTA-47,20190719-POR-UTA-299,7:56,8:16,Hayley Emma Raso,POR,challenge,1st half,1,86.6,15.0
20190719-POR-UTA-48,20190719-POR-UTA-314,8:08,8:28,Hayley Emma Raso,POR,recovery,1st half,null,90.5,11.2
20190719-POR-UTA-49,20190719-POR-UTA-317,8:08,8:28,Becky Sauerbrunn,UTA,tackle,1st half,0,14.9,56.2
20190719-POR-UTA-50,20190719-POR-UTA-318,8:08,8:28,Hayley Emma Raso,POR,take_on,1st half,1,90.1,11.8
20190719-POR-UTA-51,20190719-POR-UTA-319,8:08,8:28,Becky Sauerbrunn,UTA,challenge,1st half,0,14.9,56.2
20190719-POR-UTA-52,20190719-POR-UTA-337,8:22,8:42,Christine Margaret Sinclair,POR,recovery,1st half,null,81.4,24.3
20190719-POR-UTA-53,20190719-POR-UTA-362,9:35,9:55,Rachel Louise Corsie,UTA,challenge,1st half,0,19.4,11.4
20190719-POR-UTA-54,20190719-POR-UTA-363,9:35,9:55,Margaret Purce,POR,challenge,1st half,1,85.6,56.6
20190719-POR-UTA-55,20190719-POR-UTA-365,9:36,9:56,Margaret Purce,POR,take_on,1st half,1,82.4,55.6
20190719-POR-UTA-56,20190719-POR-UTA-366,9:36,9:56,Gunnhildur Yrsa Jonsdottir,UTA,challenge,1st half,0,22.6,12.4
20190719-POR-UTA-57,20190719-POR-UTA-368,9:36,9:56,Gunnhildur Yrsa Jonsdottir,UTA,tackle,1st half,0,22.6,12.4
20190719-POR-UTA-58,20190719-POR-UTA-369,9:37,9:57,Margaret Purce,POR,challenge,1st half,0,82.4,51.2
20190719-POR-UTA-59,20190719-POR-UTA-371,9:37,9:57,Margaret Purce,POR,take_on,1st half,0,82.4,51.2
20190719-POR-UTA-60,20190719-POR-UTA-372,9:37,9:57,Desiree Rose Marie Scott,UTA,challenge,1st half,1,22.6,16.8
20190719-POR-UTA-61,20190719-POR-UTA-373,9:37,9:57,Desiree Rose Marie Scott,UTA,tackle,1st half,1,22.6,16.8
20190719-POR-UTA-62,20190719-POR-UTA-376,9:39,9:59,Rachel Louise Corsie,UTA,recovery,1st half,null,23.3,24.9
20190719-POR-UTA-63,20190719-POR-UTA-401,10:27,10:47,Lindsey Michelle Horan,POR,recovery,1st half,null,94.2,42.7
20190719-POR-UTA-64,20190719-POR-UTA-414,10:55,11:15,Katherine Nicole Stengel,UTA,challenge,1st half,0,50.6,29.0
20190719-POR-UTA-65,20190719-POR-UTA-415,10:55,11:15,Lindsey Michelle Horan,POR,challenge,1st half,1,54.4,39.0
20190719-POR-UTA-66,20190719-POR-UTA-416,10:56,11:16,Gunnhildur Yrsa Jonsdottir,UTA,challenge,1st half,0,44.6,23.8
20190719-POR-UTA-67,20190719-POR-UTA-417,10:56,11:16,Christine Margaret Sinclair,POR,challenge,1st half,1,60.4,44.2
20190719-POR-UTA-68,20190719-POR-UTA-432,11:16,11:36,Gabrielle Seiler,POR,challenge,1st half,1,64.1,65.4
20190719-POR-UTA-69,20190719-POR-UTA-433,11:16,11:36,Gabrielle Seiler,POR,tackle,1st half,1,64.1,65.4
20190719-POR-UTA-70,20190719-POR-UTA-434,11:16,11:36,Katherine Nicole Stengel,UTA,challenge,1st half,0,40.9,2.6
20190719-POR-UTA-71,20190719-POR-UTA-435,11:17,11:37,Gabrielle Seiler,POR,challenge,1st half,1,60.4,66.2
20190719-POR-UTA-72,20190719-POR-UTA-438,11:17,11:37,Katherine Nicole Stengel,UTA,challenge,1st half,0,44.6,1.8
20190719-POR-UTA-73,20190719-POR-UTA-439,11:17,11:37,Katherine Nicole Stengel,UTA,foul,1st half,null,46.2,0.8
20190719-POR-UTA-74,20190719-POR-UTA-447,11:51,12:11,Kelley Maureen O'Hara,UTA,challenge,1st half,1,17.0,35.9
20190719-POR-UTA-75,20190719-POR-UTA-448,11:51,12:11,Christine Margaret Sinclair,POR,challenge,1st half,0,88.0,32.1
20190719-POR-UTA-76,20190719-POR-UTA-452,11:51,12:11,Katherine Nicole Stengel,UTA,recovery,1st half,null,18.4,34.3
20190719-POR-UTA-77,20190719-POR-UTA-455,11:53,12:13,Gabrielle Seiler,POR,recovery,1st half,null,71.6,32.7
20190719-POR-UTA-78,20190719-POR-UTA-479,12:32,12:52,Lindsey Michelle Horan,POR,recovery,1st half,null,50.4,14.8
20190719-POR-UTA-79,20190719-POR-UTA-505,12:54,13:14,Kate Elizabeth Bowen,UTA,recovery,1st half,null,44.6,1.0
20190719-POR-UTA-80,20190719-POR-UTA-625,15:10,15:30,Amy Joy Rodriguez Shilling,UTA,challenge,1st half,1,95.4,29.0
20190719-POR-UTA-81,20190719-POR-UTA-626,15:10,15:30,Emily Townsend Menges,POR,challenge,1st half,0,9.6,39.0
20190719-POR-UTA-82,20190719-POR-UTA-632,15:42,16:02,Margaret Purce,POR,challenge,1st half,0,62.0,57.9
20190719-POR-UTA-83,20190719-POR-UTA-638,15:42,16:02,Kate Elizabeth Bowen,UTA,challenge,1st half,1,43.0,10.1
20190719-POR-UTA-84,20190719-POR-UTA-643,15:49,16:09,Katherine Reynolds,POR,recovery,1st half,null,45.7,64.3
20190719-POR-UTA-85,20190719-POR-UTA-646,15:50,16:10,Kate Elizabeth Bowen,UTA,recovery,1st half,null,39.9,1.8
20190719-POR-UTA-86,20190719-POR-UTA-656,15:53,16:13,Kate Elizabeth Bowen,UTA,recovery,1st half,null,40.4,2.6
20190719-POR-UTA-87,20190719-POR-UTA-662,16:08,16:28,Katherine Nicole Stengel,UTA,challenge,1st half,0,56.3,4.3
20190719-POR-UTA-88,20190719-POR-UTA-664,16:08,16:28,Emily Townsend Menges,POR,challenge,1st half,1,48.7,63.7
20190719-POR-UTA-89,20190719-POR-UTA-667,16:19,16:39,Emily Townsend Menges,POR,challenge,1st half,0,39.4,59.7
20190719-POR-UTA-90,20190719-POR-UTA-669,16:19,16:39,Katherine Nicole Stengel,UTA,challenge,1st half,1,65.6,8.3
20190719-POR-UTA-91,20190719-POR-UTA-674,16:22,16:42,Meghan Elizabeth Klingenberg,POR,challenge,1st half,0,48.7,65.4
20190719-POR-UTA-92,20190719-POR-UTA-677,16:22,16:42,Kate Elizabeth Bowen,UTA,challenge,1st half,1,56.3,2.6
20190719-POR-UTA-93,20190719-POR-UTA-678,16:23,16:43,Emily Townsend Menges,POR,recovery,1st half,null,36.9,60.7
20190719-POR-UTA-94,20190719-POR-UTA-683,16:27,16:47,Gabrielle Seiler,POR,challenge,1st half,0,63.2,41.8
20190719-POR-UTA-95,20190719-POR-UTA-685,16:27,16:47,Lo'eau LaBonta,UTA,challenge,1st half,1,41.8,26.2
20190719-POR-UTA-96,20190719-POR-UTA-686,16:27,16:47,Gabrielle Seiler,POR,take_on,1st half,0,63.2,41.8
20190719-POR-UTA-97,20190719-POR-UTA-687,16:27,16:47,Lo'eau LaBonta,UTA,tackle,1st half,1,41.8,26.2
20190719-POR-UTA-98,20190719-POR-UTA-691,16:30,16:50,Kelley Maureen O'Hara,UTA,recovery,1st half,null,34.3,43.2
20190719-POR-UTA-99,20190719-POR-UTA-692,16:32,16:52,Lindsey Michelle Horan,POR,recovery,1st half,null,42.5,52.2
20190719-POR-UTA-100,20190719-POR-UTA-722,17:06,17:26,Kelley Maureen O'Hara,UTA,challenge,1st half,1,63.7,66.2
20190719-POR-UTA-101,20190719-POR-UTA-723,17:06,17:26,Ellie Madison Carpenter,POR,challenge,1st half,0,41.3,1.8
20190719-POR-UTA-102,20190719-POR-UTA-728,17:07,17:27,Elizabeth Rose Ball,POR,recovery,1st half,null,38.0,9.7
20190719-POR-UTA-103,20190719-POR-UTA-769,18:17,18:37,Gabrielle Seiler,POR,challenge,1st half,1,57.2,14.0
20190719-POR-UTA-104,20190719-POR-UTA-770,18:17,18:37,Katherine Nicole Stengel,UTA,challenge,1st half,0,47.8,54.0
20190719-POR-UTA-105,20190719-POR-UTA-773,18:19,18:39,Desiree Rose Marie Scott,UTA,recovery,1st half,null,31.7,38.6
20190719-POR-UTA-106,20190719-POR-UTA-788,18:26,18:46,Lindsey Michelle Horan,POR,recovery,1st half,null,58.6,42.6
20190719-POR-UTA-107,20190719-POR-UTA-791,18:26,18:46,Lindsey Michelle Horan,POR,dribble,1st half,1,60.4,44.5
20190719-POR-UTA-108,20190719-POR-UTA-805,18:43,19:03,Lindsey Michelle Horan,POR,challenge,1st half,0,61.1,14.2
20190719-POR-UTA-109,20190719-POR-UTA-806,18:43,19:03,Gunnhildur Yrsa Jonsdottir,UTA,challenge,1st half,1,43.9,53.8
20190719-POR-UTA-110,20190719-POR-UTA-808,18:44,19:04,Lindsey Michelle Horan,POR,foul,1st half,null,59.5,12.6
20190719-POR-UTA-111,20190719-POR-UTA-817,19:18,19:38,Desiree Rose Marie Scott,UTA,dribble,1st half,1,59.2,45.7
20190719-POR-UTA-112,20190719-POR-UTA-831,19:33,19:53,Katherine Nicole Stengel,UTA,recovery,1st half,null,86.6,61.1
20190719-POR-UTA-113,20190719-POR-UTA-862,20:18,20:38,Gunnhildur Yrsa Jonsdottir,UTA,challenge,1st half,0,48.1,3.4
20190719-POR-UTA-114,20190719-POR-UTA-863,20:18,20:38,Lindsey Michelle Horan,POR,challenge,1st half,1,56.9,64.6
20190719-POR-UTA-115,20190719-POR-UTA-868,20:40,21:00,Emily Townsend Menges,POR,challenge,1st half,0,50.4,65.4
20190719-POR-UTA-116,20190719-POR-UTA-869,20:40,21:00,Katherine Nicole Stengel,UTA,challenge,1st half,1,54.6,2.6
20190719-POR-UTA-117,20190719-POR-UTA-924,22:20,22:40,Lindsey Michelle Horan,POR,challenge,1st half,1,96.6,45.3
20190719-POR-UTA-118,20190719-POR-UTA-926,22:20,22:40,Rachel Louise Corsie,UTA,challenge,1st half,0,8.4,22.7
20190719-POR-UTA-119,20190719-POR-UTA-931,22:23,22:43,Desiree Rose Marie Scott,UTA,recovery,1st half,null,11.2,20.3
20190719-POR-UTA-120,20190719-POR-UTA-940,22:54,23:14,Becky Sauerbrunn,UTA,challenge,1st half,1,8.9,26.8
20190719-POR-UTA-121,20190719-POR-UTA-944,22:54,23:14,Elizabeth Rose Ball,POR,challenge,1st half,0,96.1,41.2
20190719-POR-UTA-122,20190719-POR-UTA-950,22:56,23:16,Christine Margaret Sinclair,POR,challenge,1st half,1,98.5,24.6
20190719-POR-UTA-123,20190719-POR-UTA-952,22:56,23:16,Kelley Maureen O'Hara,UTA,challenge,1st half,0,6.5,43.4
20190719-POR-UTA-124,20190719-POR-UTA-957,22:58,23:18,Gunnhildur Yrsa Jonsdottir,UTA,recovery,1st half,null,3.8,48.7
20190719-POR-UTA-125,20190719-POR-UTA-963,23:17,23:37,Lindsey Michelle Horan,POR,challenge,1st half,1,96.9,26.2
20190719-POR-UTA-126,20190719-POR-UTA-964,23:17,23:37,Becky Sauerbrunn,UTA,challenge,1st half,0,8.1,41.8
20190719-POR-UTA-127,20190719-POR-UTA-973,23:23,23:43,Emily Townsend Menges,POR,recovery,1st half,null,59.2,16.2
20190719-POR-UTA-128,20190719-POR-UTA-985,23:51,24:11,Katherine Nicole Stengel,UTA,challenge,1st half,0,47.2,65.6
20190719-POR-UTA-129,20190719-POR-UTA-989,23:51,24:11,Ellie Madison Carpenter,POR,challenge,1st half,1,57.8,2.4
20190719-POR-UTA-130,20190719-POR-UTA-994,23:55,24:15,Kelley Maureen O'Hara,UTA,recovery,1st half,null,23.6,60.9
20190719-POR-UTA-131,20190719-POR-UTA-1004,24:01,24:21,Elizabeth Rose Ball,POR,recovery,1st half,null,40.6,9.7
20190719-POR-UTA-132,20190719-POR-UTA-1025,24:27,24:47,Amy Joy Rodriguez Shilling,UTA,take_on,1st half,1,47.2,20.3
20190719-POR-UTA-133,20190719-POR-UTA-1026,24:27,24:47,Lindsey Michelle Horan,POR,tackle,1st half,0,57.8,47.7
20190719-POR-UTA-134,20190719-POR-UTA-1027,24:27,24:47,Lindsey Michelle Horan,POR,challenge,1st half,0,57.8,47.7
20190719-POR-UTA-135,20190719-POR-UTA-1041,25:05,25:25,Emily Townsend Menges,POR,recovery,1st half,null,38.7,41.8
20190719-POR-UTA-136,20190719-POR-UTA-1055,25:10,25:30,Gunnhildur Yrsa Jonsdottir,UTA,recovery,1st half,null,56.2,15.8
20190719-POR-UTA-137,20190719-POR-UTA-1058,25:13,25:33,Meghan Elizabeth Klingenberg,POR,recovery,1st half,null,44.8,63.7
20190719-POR-UTA-138,20190719-POR-UTA-1060,25:13,25:33,Meghan Elizabeth Klingenberg,POR,dribble,1st half,1,44.8,63.7
20190719-POR-UTA-139,20190719-POR-UTA-1062,25:15,25:35,Kate Elizabeth Bowen,UTA,foul,1st half,null,40.4,3.7
20190719-POR-UTA-140,20190719-POR-UTA-1110,27:53,28:13,Lo'eau LaBonta,UTA,challenge,1st half,1,5.6,63.3
20190719-POR-UTA-141,20190719-POR-UTA-1111,27:53,28:13,Ellie Madison Carpenter,POR,challenge,1st half,0,99.4,4.7
20190719-POR-UTA-142,20190719-POR-UTA-1114,27:57,28:17,Katherine Nicole Stengel,UTA,challenge,1st half,0,19.8,57.0
20190719-POR-UTA-143,20190719-POR-UTA-1117,27:57,28:17,Gabrielle Seiler,POR,challenge,1st half,1,85.2,11.0
20190719-POR-UTA-144,20190719-POR-UTA-1132,28:12,28:32,Desiree Rose Marie Scott,UTA,challenge,1st half,0,7.7,11.4
20190719-POR-UTA-145,20190719-POR-UTA-1133,28:12,28:32,Desiree Rose Marie Scott,UTA,tackle,1st half,0,7.7,11.4
20190719-POR-UTA-146,20190719-POR-UTA-1134,28:12,28:32,Meghan Elizabeth Klingenberg,POR,take_on,1st half,1,97.3,56.6
20190719-POR-UTA-147,20190719-POR-UTA-1143,28:16,28:36,Margaret Purce,POR,recovery,1st half,null,79.8,60.7
20190719-POR-UTA-148,20190719-POR-UTA-1164,29:00,29:20,Nicole Renee Barnhart,UTA,recovery,1st half,null,3.7,32.5
20190719-POR-UTA-149,20190719-POR-UTA-1169,29:16,29:36,Ellie Madison Carpenter,POR,recovery,1st half,null,60.2,2.6
20190719-POR-UTA-150,20190719-POR-UTA-1187,29:42,30:02,Christen Annemarie Press,UTA,challenge,1st half,0,65.6,67.4
20190719-POR-UTA-151,20190719-POR-UTA-1188,29:42,30:02,Christen Annemarie Press,UTA,take_on,1st half,0,65.6,67.4
20190719-POR-UTA-152,20190719-POR-UTA-1189,29:42,30:02,Elizabeth Rose Ball,POR,tackle,1st half,1,39.4,0.59999999999999
20190719-POR-UTA-153,20190719-POR-UTA-1190,29:42,30:02,Elizabeth Rose Ball,POR,challenge,1st half,1,39.4,0.59999999999999
20190719-POR-UTA-154,20190719-POR-UTA-1194,29:45,30:05,Lindsey Michelle Horan,POR,challenge,1st half,0,45.2,10.2
20190719-POR-UTA-155,20190719-POR-UTA-1196,29:45,30:05,Lindsey Michelle Horan,POR,tackle,1st half,0,45.2,10.2
20190719-POR-UTA-156,20190719-POR-UTA-1197,29:45,30:05,Katherine Nicole Stengel,UTA,take_on,1st half,1,59.8,57.8
20190719-POR-UTA-157,20190719-POR-UTA-1198,29:45,30:05,Katherine Nicole Stengel,UTA,recovery,1st half,null,59.8,57.8
20190719-POR-UTA-158,20190719-POR-UTA-1202,29:45,30:05,Katherine Nicole Stengel,UTA,dribble,1st half,1,60.4,58.7
20190719-POR-UTA-159,20190719-POR-UTA-1208,29:53,30:13,Amy Joy Rodriguez Shilling,UTA,challenge,1st half,0,82.4,48.5
20190719-POR-UTA-160,20190719-POR-UTA-1209,29:53,30:13,Emily Townsend Menges,POR,challenge,1st half,1,22.6,19.5
20190719-POR-UTA-161,20190719-POR-UTA-1212,29:54,30:14,Lo'eau LaBonta,UTA,recovery,1st half,null,73.5,58.7
20190719-POR-UTA-162,20190719-POR-UTA-1229,32:12,32:32,Katherine Reynolds,POR,recovery,1st half,null,22.8,59.1
20190719-POR-UTA-163,20190719-POR-UTA-1236,32:16,32:36,Rachel Louise Corsie,UTA,tackle,1st half,0,58.3,5.7
20190719-POR-UTA-164,20190719-POR-UTA-1237,32:16,32:36,Rachel Louise Corsie,UTA,challenge,1st half,0,58.3,5.7
20190719-POR-UTA-165,20190719-POR-UTA-1238,32:16,32:36,Margaret Purce,POR,take_on,1st half,1,46.7,62.3
20190719-POR-UTA-166,20190719-POR-UTA-1240,32:16,32:36,Rachel Louise Corsie,UTA,foul,1st half,null,57.2,2.6
20190719-POR-UTA-167,20190719-POR-UTA-1252,32:51,33:11,Hayley Emma Raso,POR,foul,1st half,null,38.5,5.7
20190719-POR-UTA-168,20190719-POR-UTA-1259,33:38,33:58,Katherine Reynolds,POR,challenge,1st half,1,14.5,39.2
20190719-POR-UTA-169,20190719-POR-UTA-1261,33:38,33:58,Kate Elizabeth Bowen,UTA,challenge,1st half,0,90.5,28.8
20190719-POR-UTA-170,20190719-POR-UTA-1267,33:41,34:01,Lindsey Michelle Horan,POR,recovery,1st half,null,11.0,33.3
20190719-POR-UTA-171,20190719-POR-UTA-1273,33:50,34:10,Christen Annemarie Press,UTA,take_on,1st half,1,90.5,64.3
20190719-POR-UTA-172,20190719-POR-UTA-1274,33:50,34:10,Hayley Emma Raso,POR,challenge,1st half,0,14.5,3.7
20190719-POR-UTA-173,20190719-POR-UTA-1275,33:50,34:10,Hayley Emma Raso,POR,tackle,1st half,0,14.5,3.7
20190719-POR-UTA-174,20190719-POR-UTA-1285,33:54,34:14,Gunnhildur Yrsa Jonsdottir,UTA,challenge,1st half,1,95.0,23.8
20190719-POR-UTA-175,20190719-POR-UTA-1287,33:54,34:14,Gabrielle Seiler,POR,challenge,1st half,0,10.0,44.2
20190719-POR-UTA-176,20190719-POR-UTA-1291,33:59,34:19,Gabrielle Seiler,POR,challenge,1st half,0,14.9,52.0
20190719-POR-UTA-177,20190719-POR-UTA-1293,33:59,34:19,Katherine Nicole Stengel,UTA,challenge,1st half,1,90.1,16.0
20190719-POR-UTA-178,20190719-POR-UTA-1299,34:08,34:28,Kelley Maureen O'Hara,UTA,dribble,1st half,1,80.3,56.4
20190719-POR-UTA-179,20190719-POR-UTA-1308,34:44,35:04,Christine Margaret Sinclair,POR,challenge,1st half,0,56.2,37.6
20190719-POR-UTA-180,20190719-POR-UTA-1309,34:44,35:04,Desiree Rose Marie Scott,UTA,challenge,1st half,1,48.8,30.4
20190719-POR-UTA-181,20190719-POR-UTA-1315,34:46,35:06,Ellie Madison Carpenter,POR,recovery,1st half,null,53.0,27.2
20190719-POR-UTA-182,20190719-POR-UTA-1340,35:07,35:27,Gunnhildur Yrsa Jonsdottir,UTA,challenge,1st half,1,65.6,3.9
20190719-POR-UTA-183,20190719-POR-UTA-1341,35:07,35:27,Lindsey Michelle Horan,POR,challenge,1st half,0,39.4,64.1
20190719-POR-UTA-184,20190719-POR-UTA-1361,35:29,35:49,Elizabeth Rose Ball,POR,challenge,1st half,0,28.9,16.8
20190719-POR-UTA-185,20190719-POR-UTA-1362,35:29,35:49,Elizabeth Rose Ball,POR,tackle,1st half,0,28.9,16.8
20190719-POR-UTA-186,20190719-POR-UTA-1363,35:29,35:49,Christen Annemarie Press,UTA,take_on,1st half,1,76.1,51.2
20190719-POR-UTA-187,20190719-POR-UTA-1371,35:33,35:53,Adrianna Nichole Franch,POR,save,1st half,null,13.7,22.1
20190719-POR-UTA-188,20190719-POR-UTA-1378,36:04,36:24,Kate Elizabeth Bowen,UTA,dribble,1st half,1,38.0,3.9
20190719-POR-UTA-189,20190719-POR-UTA-1400,37:05,37:25,Gunnhildur Yrsa Jonsdottir,UTA,challenge,1st half,0,28.2,60.1
20190719-POR-UTA-190,20190719-POR-UTA-1402,37:05,37:25,Gunnhildur Yrsa Jonsdottir,UTA,tackle,1st half,0,28.2,60.1
20190719-POR-UTA-191,20190719-POR-UTA-1404,37:05,37:25,Ellie Madison Carpenter,POR,recovery,1st half,null,76.8,7.9
20190719-POR-UTA-192,20190719-POR-UTA-1405,37:05,37:25,Ellie Madison Carpenter,POR,take_on,1st half,1,76.8,7.9
20190719-POR-UTA-193,20190719-POR-UTA-1407,37:07,37:27,Amy Joy Rodriguez Shilling,UTA,foul,1st half,null,35.9,58.9
20190719-POR-UTA-194,20190719-POR-UTA-1421,37:45,38:05,Gabrielle Seiler,POR,challenge,1st half,1,80.3,28.8
20190719-POR-UTA-195,20190719-POR-UTA-1422,37:45,38:05,Desiree Rose Marie Scott,UTA,challenge,1st half,0,24.7,39.2
20190719-POR-UTA-196,20190719-POR-UTA-1425,37:45,38:05,Becky Sauerbrunn,UTA,recovery,1st half,null,15.9,33.7
20190719-POR-UTA-197,20190719-POR-UTA-1429,37:47,38:07,Lindsey Michelle Horan,POR,recovery,1st half,null,89.6,22.7
20190719-POR-UTA-198,20190719-POR-UTA-1431,37:48,38:08,Lindsey Michelle Horan,POR,dribble,1st half,1,91.0,19.3
20190719-POR-UTA-199,20190719-POR-UTA-1434,37:51,38:11,Lindsey Michelle Horan,POR,challenge,1st half,0,89.6,15.2
20190719-POR-UTA-200,20190719-POR-UTA-1435,37:51,38:11,Desiree Rose Marie Scott,UTA,tackle,1st half,1,15.4,52.8
20190719-POR-UTA-201,20190719-POR-UTA-1436,37:51,38:11,Desiree Rose Marie Scott,UTA,challenge,1st half,1,15.4,52.8
20190719-POR-UTA-202,20190719-POR-UTA-1437,37:53,38:13,Lo'eau LaBonta,UTA,recovery,1st half,null,13.7,58.1
20190719-POR-UTA-203,20190719-POR-UTA-1444,38:16,38:36,Katherine Reynolds,POR,recovery,1st half,null,42.2,18.3
20190719-POR-UTA-204,20190719-POR-UTA-1484,39:06,39:26,Katherine Nicole Stengel,UTA,challenge,1st half,0,63.5,44.9
20190719-POR-UTA-205,20190719-POR-UTA-1485,39:06,39:26,Emily Townsend Menges,POR,challenge,1st half,1,41.5,23.1
20190719-POR-UTA-206,20190719-POR-UTA-1506,39:29,39:49,Lindsey Michelle Horan,POR,dribble,1st half,1,33.4,23.1
20190719-POR-UTA-207,20190719-POR-UTA-1536,39:55,40:15,Gabrielle Seiler,POR,challenge,1st half,1,74.7,20.9
20190719-POR-UTA-208,20190719-POR-UTA-1537,39:55,40:15,Desiree Rose Marie Scott,UTA,challenge,1st half,0,30.3,47.1
20190719-POR-UTA-209,20190719-POR-UTA-1538,39:55,40:15,Gabrielle Seiler,POR,tackle,1st half,1,74.7,20.9
20190719-POR-UTA-210,20190719-POR-UTA-1541,39:56,40:16,Margaret Purce,POR,recovery,1st half,null,77.3,18.3
20190719-POR-UTA-211,20190719-POR-UTA-1546,40:00,40:20,Ellie Madison Carpenter,POR,challenge,1st half,0,96.8,5.5
20190719-POR-UTA-212,20190719-POR-UTA-1548,40:00,40:20,Kelley Maureen O'Hara,UTA,challenge,1st half,1,8.2,62.5
20190719-POR-UTA-213,20190719-POR-UTA-1549,40:00,40:20,Kelley Maureen O'Hara,UTA,tackle,1st half,1,8.2,62.5
20190719-POR-UTA-214,20190719-POR-UTA-1554,40:18,40:38,Lindsey Michelle Horan,POR,challenge,1st half,0,100.4,21.7
20190719-POR-UTA-215,20190719-POR-UTA-1555,40:18,40:38,Kelley Maureen O'Hara,UTA,challenge,1st half,1,4.6,46.3
20190719-POR-UTA-216,20190719-POR-UTA-1559,40:21,40:41,Katherine Nicole Stengel,UTA,challenge,1st half,1,23.4,52.4
20190719-POR-UTA-217,20190719-POR-UTA-1563,40:21,40:41,Ellie Madison Carpenter,POR,challenge,1st half,0,81.6,15.6
20190719-POR-UTA-218,20190719-POR-UTA-1569,40:30,40:50,Katherine Reynolds,POR,challenge,1st half,0,67.4,34.3
20190719-POR-UTA-219,20190719-POR-UTA-1572,40:30,40:50,Amy Joy Rodriguez Shilling,UTA,challenge,1st half,1,37.6,33.7
20190719-POR-UTA-220,20190719-POR-UTA-1575,40:32,40:52,Katherine Nicole Stengel,UTA,dribble,1st half,1,39.0,37.4
20190719-POR-UTA-221,20190719-POR-UTA-1607,41:11,41:31,Lindsey Michelle Horan,POR,recovery,1st half,null,44.5,56.2
20190719-POR-UTA-222,20190719-POR-UTA-1627,41:24,41:44,Margaret Purce,POR,challenge,1st half,0,71.9,28.2
20190719-POR-UTA-223,20190719-POR-UTA-1628,41:24,41:44,Becky Sauerbrunn,UTA,challenge,1st half,1,33.1,39.8
20190719-POR-UTA-224,20190719-POR-UTA-1630,41:26,41:46,Ellie Madison Carpenter,POR,recovery,1st half,null,64.9,6.7
20190719-POR-UTA-225,20190719-POR-UTA-1632,41:28,41:48,Ellie Madison Carpenter,POR,take_on,1st half,0,69.8,9.7
20190719-POR-UTA-226,20190719-POR-UTA-1634,41:28,41:48,Lo'eau LaBonta,UTA,challenge,1st half,1,35.2,58.3
20190719-POR-UTA-227,20190719-POR-UTA-1635,41:28,41:48,Ellie Madison Carpenter,POR,challenge,1st half,0,69.8,9.7
20190719-POR-UTA-228,20190719-POR-UTA-1636,41:28,41:48,Lo'eau LaBonta,UTA,tackle,1st half,1,35.2,58.3
20190719-POR-UTA-229,20190719-POR-UTA-1637,41:31,41:51,Ellie Madison Carpenter,POR,challenge,1st half,1,80.0,15.6
20190719-POR-UTA-230,20190719-POR-UTA-1639,41:31,41:51,Ellie Madison Carpenter,POR,tackle,1st half,1,80.0,15.6
20190719-POR-UTA-231,20190719-POR-UTA-1640,41:31,41:51,Kelley Maureen O'Hara,UTA,challenge,1st half,0,25.0,52.4
20190719-POR-UTA-232,20190719-POR-UTA-1641,41:31,41:51,Kelley Maureen O'Hara,UTA,recovery,1st half,null,25.0,52.4
20190719-POR-UTA-233,20190719-POR-UTA-1642,41:31,41:51,Kelley Maureen O'Hara,UTA,take_on,1st half,0,25.0,52.4
20190719-POR-UTA-234,20190719-POR-UTA-1644,41:31,41:51,Ellie Madison Carpenter,POR,dribble,1st half,1,81.0,18.5
20190719-POR-UTA-235,20190719-POR-UTA-1649,41:34,41:54,Nicole Renee Barnhart,UTA,save,1st half,null,9.6,48.1
20190719-POR-UTA-236,20190719-POR-UTA-1656,42:01,42:21,Christen Annemarie Press,UTA,dribble,1st half,1,96.2,62.7
20190719-POR-UTA-237,20190719-POR-UTA-1658,42:02,42:22,Christen Annemarie Press,UTA,take_on,1st half,1,94.7,58.1
20190719-POR-UTA-238,20190719-POR-UTA-1661,42:02,42:22,Elizabeth Rose Ball,POR,tackle,1st half,0,10.3,9.9
20190719-POR-UTA-239,20190719-POR-UTA-1662,42:02,42:22,Elizabeth Rose Ball,POR,challenge,1st half,0,10.3,9.9
20190719-POR-UTA-240,20190719-POR-UTA-1676,43:25,43:45,Ellie Madison Carpenter,POR,recovery,1st half,null,75.8,6.3
20190719-POR-UTA-241,20190719-POR-UTA-1677,43:27,43:47,Ellie Madison Carpenter,POR,challenge,1st half,0,73.8,2.8
20190719-POR-UTA-242,20190719-POR-UTA-1678,43:27,43:47,Lo'eau LaBonta,UTA,challenge,1st half,1,31.2,65.2
20190719-POR-UTA-243,20190719-POR-UTA-1680,43:27,43:47,Lo'eau LaBonta,UTA,tackle,1st half,1,31.2,65.2
20190719-POR-UTA-244,20190719-POR-UTA-1712,43:52,44:12,Gunnhildur Yrsa Jonsdottir,UTA,challenge,1st half,1,34.8,10.2
20190719-POR-UTA-245,20190719-POR-UTA-1713,43:52,44:12,Christine Margaret Sinclair,POR,challenge,1st half,0,70.2,57.8
20190719-POR-UTA-246,20190719-POR-UTA-1715,43:55,44:15,Hayley Emma Raso,POR,recovery,1st half,null,72.4,30.0
20190719-POR-UTA-247,20190719-POR-UTA-1717,43:56,44:16,Hayley Emma Raso,POR,challenge,1st half,0,72.8,30.4
20190719-POR-UTA-248,20190719-POR-UTA-1719,43:56,44:16,Desiree Rose Marie Scott,UTA,challenge,1st half,1,32.2,37.6
20190719-POR-UTA-249,20190719-POR-UTA-1720,43:56,44:16,Desiree Rose Marie Scott,UTA,tackle,1st half,1,32.2,37.6
20190719-POR-UTA-250,20190719-POR-UTA-1722,43:57,44:17,Becky Sauerbrunn,UTA,recovery,1st half,null,23.8,36.7
20190719-POR-UTA-251,20190719-POR-UTA-1727,43:59,44:19,Kelley Maureen O'Hara,UTA,dribble,1st half,1,26.2,59.3
20190719-POR-UTA-252,20190719-POR-UTA-1732,44:08,44:28,Gabrielle Seiler,POR,recovery,1st half,null,35.9,22.7
20190719-POR-UTA-253,20190719-POR-UTA-1735,44:08,44:28,Gabrielle Seiler,POR,challenge,1st half,0,36.2,20.1
20190719-POR-UTA-254,20190719-POR-UTA-1736,44:08,44:28,Amy Joy Rodriguez Shilling,UTA,challenge,1st half,1,68.8,47.9
20190719-POR-UTA-255,20190719-POR-UTA-1737,44:08,44:28,Amy Joy Rodriguez Shilling,UTA,tackle,1st half,1,68.8,47.9
20190719-POR-UTA-256,20190719-POR-UTA-1739,44:10,44:30,Katherine Nicole Stengel,UTA,challenge,1st half,0,74.5,48.9
20190719-POR-UTA-257,20190719-POR-UTA-1742,44:10,44:30,Ellie Madison Carpenter,POR,challenge,1st half,1,30.5,19.1
20190719-POR-UTA-258,20190719-POR-UTA-1767,44:37,44:57,Rachel Louise Corsie,UTA,challenge,1st half,0,30.3,16.4
20190719-POR-UTA-259,20190719-POR-UTA-1769,44:37,44:57,Margaret Purce,POR,challenge,1st half,1,74.7,51.6
20190719-POR-UTA-260,20190719-POR-UTA-1772,44:40,45:00,Becky Sauerbrunn,UTA,challenge,1st half,1,19.8,31.9
20190719-POR-UTA-261,20190719-POR-UTA-1773,44:40,45:00,Hayley Emma Raso,POR,challenge,1st half,0,85.2,36.1
20190719-POR-UTA-262,20190719-POR-UTA-1775,44:41,45:01,Hayley Emma Raso,POR,foul,1st half,null,86.8,36.3
20190719-POR-UTA-263,20190719-POR-UTA-1784,44:52,45:12,Katherine Nicole Stengel,UTA,challenge,1st half,1,48.5,49.7
20190719-POR-UTA-264,20190719-POR-UTA-1785,44:52,45:12,Lindsey Michelle Horan,POR,challenge,1st half,0,56.5,18.3
20190719-POR-UTA-265,20190719-POR-UTA-1789,44:55,45:15,Lindsey Michelle Horan,POR,challenge,1st half,1,55.5,7.1
20190719-POR-UTA-266,20190719-POR-UTA-1792,44:55,45:15,Christen Annemarie Press,UTA,challenge,1st half,0,49.5,60.9
20190719-POR-UTA-267,20190719-POR-UTA-1793,44:56,45:16,Katherine Nicole Stengel,UTA,recovery,1st half,null,42.3,64.8
20190719-POR-UTA-268,20190719-POR-UTA-1797,44:59,45:19,Christen Annemarie Press,UTA,take_on,1st half,0,62.0,63.7
20190719-POR-UTA-269,20190719-POR-UTA-1798,44:59,45:19,Elizabeth Rose Ball,POR,tackle,1st half,1,43.0,4.3
20190719-POR-UTA-270,20190719-POR-UTA-1800,44:59,45:19,Christen Annemarie Press,UTA,challenge,1st half,0,62.0,63.7
20190719-POR-UTA-271,20190719-POR-UTA-1801,44:59,45:19,Elizabeth Rose Ball,POR,challenge,1st half,1,43.0,4.3
20190719-POR-UTA-272,20190719-POR-UTA-1803,45:02,45:22,Christine Margaret Sinclair,POR,recovery,1st half,null,59.8,14.4
20190719-POR-UTA-273,20190719-POR-UTA-1822,45:21,45:41,Hayley Emma Raso,POR,challenge,1st half,1,85.8,24.4
20190719-POR-UTA-274,20190719-POR-UTA-1823,45:21,45:41,Kelley Maureen O'Hara,UTA,challenge,1st half,0,19.2,43.6
20190719-POR-UTA-275,20190719-POR-UTA-1825,45:22,45:42,Hayley Emma Raso,POR,challenge,1st half,0,83.5,27.2
20190719-POR-UTA-276,20190719-POR-UTA-1827,45:22,45:42,Becky Sauerbrunn,UTA,challenge,1st half,1,21.5,40.8
20190719-POR-UTA-277,20190719-POR-UTA-1829,45:23,45:43,Becky Sauerbrunn,UTA,dribble,1st half,1,24.5,39.6
20190719-POR-UTA-278,20190719-POR-UTA-1830,45:23,45:43,Christine Margaret Sinclair,POR,challenge,1st half,0,80.5,28.4
20190719-POR-UTA-279,20190719-POR-UTA-1831,45:23,45:43,Christine Margaret Sinclair,POR,tackle,1st half,0,80.5,28.4
20190719-POR-UTA-280,20190719-POR-UTA-1833,45:23,45:43,Becky Sauerbrunn,UTA,take_on,1st half,1,24.5,39.6
20190719-POR-UTA-281,20190719-POR-UTA-1844,45:34,45:54,Elizabeth Rose Ball,POR,recovery,1st half,null,28.2,32.3
20190719-POR-UTA-282,20190719-POR-UTA-1850,45:37,45:57,Amy Joy Rodriguez Shilling,UTA,recovery,1st half,null,64.6,26.2
20190719-POR-UTA-283,20190719-POR-UTA-1865,46:25,46:45,Becky Sauerbrunn,UTA,recovery,1st half,null,26.1,49.5
20190719-POR-UTA-284,20190719-POR-UTA-1870,46:36,46:56,Adrianna Nichole Franch,POR,recovery,1st half,null,13.5,11.4
20190719-POR-UTA-285,20190719-POR-UTA-1885,46:53,47:13,Becky Sauerbrunn,UTA,recovery,1st half,null,33.1,63.7
20190719-POR-UTA-286,20190719-POR-UTA-1897,46:59,47:19,Ellie Madison Carpenter,POR,take_on,1st half,1,66.0,3.2
20190719-POR-UTA-287,20190719-POR-UTA-1898,46:59,47:19,Lo'eau LaBonta,UTA,challenge,1st half,0,39.0,64.8
20190719-POR-UTA-288,20190719-POR-UTA-1899,46:59,47:19,Lo'eau LaBonta,UTA,tackle,1st half,0,39.0,64.8
20190719-POR-UTA-289,20190719-POR-UTA-1908,47:06,47:26,Margaret Purce,POR,dribble,1st half,1,94.8,2.0
20190719-POR-UTA-290,20190719-POR-UTA-1911,47:06,47:26,Margaret Purce,POR,take_on,1st half,1,92.8,2.4
20190719-POR-UTA-291,20190719-POR-UTA-1912,47:06,47:26,Kelley Maureen O'Hara,UTA,challenge,1st half,0,12.2,65.6
20190719-POR-UTA-292,20190719-POR-UTA-1913,47:06,47:26,Kelley Maureen O'Hara,UTA,tackle,1st half,0,12.2,65.6
20190719-POR-UTA-293,20190719-POR-UTA-1920,47:16,47:36,Ellie Madison Carpenter,POR,recovery,1st half,null,100.1,4.7
20190719-POR-UTA-294,20190719-POR-UTA-1923,47:17,47:37,Lo'eau LaBonta,UTA,challenge,1st half,1,4.0,61.9
20190719-POR-UTA-295,20190719-POR-UTA-1924,47:17,47:37,Ellie Madison Carpenter,POR,challenge,1st half,0,101.0,6.1
20190719-POR-UTA-296,20190719-POR-UTA-1925,47:17,47:37,Lo'eau LaBonta,UTA,tackle,1st half,1,4.0,61.9
20190719-POR-UTA-297,20190719-POR-UTA-1932,47:43,48:03,Gunnhildur Yrsa Jonsdottir,UTA,challenge,1st half,1,10.8,47.5
20190719-POR-UTA-298,20190719-POR-UTA-1933,47:43,48:03,Lindsey Michelle Horan,POR,challenge,1st half,0,94.2,20.5
20190719-POR-UTA-299,20190719-POR-UTA-1941,48:12,48:32,Katherine Reynolds,POR,recovery,1st half,null,83.5,62.7
20190719-POR-UTA-300,20190719-POR-UTA-1952,48:22,48:42,Ellie Madison Carpenter,POR,recovery,1st half,null,70.3,1.4
20190719-POR-UTA-301,20190719-POR-UTA-1991,45:00,45:19,Desiree Rose Marie Scott,UTA,recovery,2nd half,null,32.9,21.3
20190719-POR-UTA-302,20190719-POR-UTA-2022,45:35,45:55,Adrianna Nichole Franch,POR,save,2nd half,null,11.2,47.3
20190719-POR-UTA-303,20190719-POR-UTA-2038,46:10,46:30,Katherine Nicole Stengel,UTA,challenge,2nd half,1,79.4,28.8
20190719-POR-UTA-304,20190719-POR-UTA-2041,46:10,46:30,Emily Townsend Menges,POR,challenge,2nd half,0,25.6,39.2
20190719-POR-UTA-305,20190719-POR-UTA-2043,46:13,46:33,Adrianna Nichole Franch,POR,recovery,2nd half,null,10.3,30.6
20190719-POR-UTA-306,20190719-POR-UTA-2054,46:31,46:51,Christine Margaret Sinclair,POR,challenge,2nd half,1,63.9,32.9
20190719-POR-UTA-307,20190719-POR-UTA-2056,46:31,46:51,Desiree Rose Marie Scott,UTA,challenge,2nd half,0,41.1,35.1
20190719-POR-UTA-308,20190719-POR-UTA-2066,46:36,46:56,Lindsey Michelle Horan,POR,recovery,2nd half,null,57.8,43.8
20190719-POR-UTA-309,20190719-POR-UTA-2073,46:44,47:04,Desiree Rose Marie Scott,UTA,challenge,2nd half,1,30.5,17.0
20190719-POR-UTA-310,20190719-POR-UTA-2074,46:44,47:04,Desiree Rose Marie Scott,UTA,tackle,2nd half,1,30.5,17.0
20190719-POR-UTA-311,20190719-POR-UTA-2075,46:44,47:04,Hayley Emma Raso,POR,challenge,2nd half,0,74.5,51.0
20190719-POR-UTA-312,20190719-POR-UTA-2088,46:55,47:15,Meghan Elizabeth Klingenberg,POR,dribble,2nd half,1,48.7,67.2
20190719-POR-UTA-313,20190719-POR-UTA-2089,46:57,47:17,Meghan Elizabeth Klingenberg,POR,challenge,2nd half,0,56.3,65.8
20190719-POR-UTA-314,20190719-POR-UTA-2091,46:57,47:17,Gunnhildur Yrsa Jonsdottir,UTA,challenge,2nd half,1,48.7,2.2
20190719-POR-UTA-315,20190719-POR-UTA-2092,46:57,47:17,Gunnhildur Yrsa Jonsdottir,UTA,tackle,2nd half,1,48.7,2.2
20190719-POR-UTA-316,20190719-POR-UTA-2093,46:57,47:17,Meghan Elizabeth Klingenberg,POR,take_on,2nd half,0,56.3,65.8
20190719-POR-UTA-317,20190719-POR-UTA-2113,47:26,47:46,Lindsey Michelle Horan,POR,take_on,2nd half,1,62.3,55.2
20190719-POR-UTA-318,20190719-POR-UTA-2114,47:26,47:46,Katherine Nicole Stengel,UTA,challenge,2nd half,0,42.7,12.8
20190719-POR-UTA-319,20190719-POR-UTA-2115,47:26,47:46,Katherine Nicole Stengel,UTA,tackle,2nd half,0,42.7,12.8
20190719-POR-UTA-320,20190719-POR-UTA-2132,47:44,48:04,Kate Elizabeth Bowen,UTA,challenge,2nd half,0,10.0,34.7
20190719-POR-UTA-321,20190719-POR-UTA-2133,47:44,48:04,Hayley Emma Raso,POR,challenge,2nd half,1,95.0,33.3
20190719-POR-UTA-322,20190719-POR-UTA-2176,48:28,48:48,Katherine Nicole Stengel,UTA,challenge,2nd half,1,60.5,59.7
20190719-POR-UTA-323,20190719-POR-UTA-2178,48:28,48:48,Gabrielle Seiler,POR,challenge,2nd half,0,44.5,8.3
20190719-POR-UTA-324,20190719-POR-UTA-2188,48:38,48:58,Adrianna Nichole Franch,POR,recovery,2nd half,null,10.8,49.5
20190719-POR-UTA-325,20190719-POR-UTA-2211,49:18,49:38,Desiree Rose Marie Scott,UTA,dribble,2nd half,1,41.8,23.8
20190719-POR-UTA-326,20190719-POR-UTA-2232,49:58,50:18,Emily Townsend Menges,POR,recovery,2nd half,null,16.3,57.8
20190719-POR-UTA-327,20190719-POR-UTA-2250,50:20,50:40,Christen Annemarie Press,UTA,dribble,2nd half,1,77.0,58.9
20190719-POR-UTA-328,20190719-POR-UTA-2254,50:24,50:44,Meghan Elizabeth Klingenberg,POR,recovery,2nd half,null,26.2,46.1
20190719-POR-UTA-329,20190719-POR-UTA-2260,50:27,50:47,Margaret Purce,POR,dribble,2nd half,1,42.5,49.9
20190719-POR-UTA-330,20190719-POR-UTA-2273,50:48,51:08,Elizabeth Rose Ball,POR,challenge,2nd half,1,55.5,12.6
20190719-POR-UTA-331,20190719-POR-UTA-2274,50:48,51:08,Elizabeth Rose Ball,POR,tackle,2nd half,1,55.5,12.6
20190719-POR-UTA-332,20190719-POR-UTA-2276,50:48,51:08,Christen Annemarie Press,UTA,challenge,2nd half,0,49.5,55.4
20190719-POR-UTA-333,20190719-POR-UTA-2277,50:51,51:11,Emily Townsend Menges,POR,recovery,2nd half,null,37.1,24.8
20190719-POR-UTA-334,20190719-POR-UTA-2282,50:53,51:13,Amy Joy Rodriguez Shilling,UTA,recovery,2nd half,null,64.4,37.4
20190719-POR-UTA-335,20190719-POR-UTA-2290,51:04,51:24,Christen Annemarie Press,UTA,challenge,2nd half,0,78.1,54.2
20190719-POR-UTA-336,20190719-POR-UTA-2292,51:04,51:24,Ellie Madison Carpenter,POR,challenge,2nd half,1,26.9,13.8
20190719-POR-UTA-337,20190719-POR-UTA-2294,51:05,51:25,Gabrielle Seiler,POR,dribble,2nd half,1,28.7,24.8
20190719-POR-UTA-338,20190719-POR-UTA-2303,51:26,51:46,Nicole Renee Barnhart,UTA,recovery,2nd half,null,10.5,40.6
20190719-POR-UTA-339,20190719-POR-UTA-2331,51:52,52:12,Christen Annemarie Press,UTA,challenge,2nd half,0,48.1,33.7
20190719-POR-UTA-340,20190719-POR-UTA-2332,51:52,52:12,Lindsey Michelle Horan,POR,challenge,2nd half,1,56.9,34.3
20190719-POR-UTA-341,20190719-POR-UTA-2352,52:12,52:32,Lo'eau LaBonta,UTA,dribble,2nd half,1,46.2,59.5
20190719-POR-UTA-342,20190719-POR-UTA-2366,52:31,52:51,Gunnhildur Yrsa Jonsdottir,UTA,challenge,2nd half,0,99.2,10.2
20190719-POR-UTA-343,20190719-POR-UTA-2368,52:31,52:51,Lindsey Michelle Horan,POR,challenge,2nd half,1,5.8,57.8
20190719-POR-UTA-344,20190719-POR-UTA-2379,53:07,53:27,Rachel Louise Corsie,UTA,recovery,2nd half,null,38.3,12.4
20190719-POR-UTA-345,20190719-POR-UTA-2387,53:17,53:37,Ellie Madison Carpenter,POR,take_on,2nd half,0,35.0,3.0
20190719-POR-UTA-346,20190719-POR-UTA-2388,53:17,53:37,Ellie Madison Carpenter,POR,challenge,2nd half,0,35.0,3.0
20190719-POR-UTA-347,20190719-POR-UTA-2389,53:17,53:37,Kelley Maureen O'Hara,UTA,challenge,2nd half,1,70.0,65.0
20190719-POR-UTA-348,20190719-POR-UTA-2390,53:17,53:37,Kelley Maureen O'Hara,UTA,tackle,2nd half,1,70.0,65.0
20190719-POR-UTA-349,20190719-POR-UTA-2431,55:19,55:39,Katherine Nicole Stengel,UTA,dribble,2nd half,1,90.8,58.1
20190719-POR-UTA-350,20190719-POR-UTA-2442,56:01,56:21,Kate Elizabeth Bowen,UTA,challenge,2nd half,0,96.2,35.7
20190719-POR-UTA-351,20190719-POR-UTA-2443,56:01,56:21,Lindsey Michelle Horan,POR,challenge,2nd half,1,8.8,32.3
20190719-POR-UTA-352,20190719-POR-UTA-2447,56:04,56:24,Desiree Rose Marie Scott,UTA,recovery,2nd half,null,72.6,46.7
20190719-POR-UTA-353,20190719-POR-UTA-2479,57:14,57:34,Katherine Nicole Stengel,UTA,dribble,2nd half,1,77.9,22.9
20190719-POR-UTA-354,20190719-POR-UTA-2490,57:21,57:41,Desiree Rose Marie Scott,UTA,recovery,2nd half,null,65.4,23.3
20190719-POR-UTA-355,20190719-POR-UTA-2492,57:24,57:44,Ellie Madison Carpenter,POR,challenge,2nd half,1,30.8,17.1
20190719-POR-UTA-356,20190719-POR-UTA-2493,57:24,57:44,Lo'eau LaBonta,UTA,challenge,2nd half,0,74.2,50.9
20190719-POR-UTA-357,20190719-POR-UTA-2495,57:24,57:44,Ellie Madison Carpenter,POR,tackle,2nd half,1,30.8,17.1
20190719-POR-UTA-358,20190719-POR-UTA-2496,57:24,57:44,Lo'eau LaBonta,UTA,take_on,2nd half,0,74.2,50.9
20190719-POR-UTA-359,20190719-POR-UTA-2498,57:25,57:45,Elizabeth Rose Ball,POR,recovery,2nd half,null,24.7,12.8
20190719-POR-UTA-360,20190719-POR-UTA-2531,58:02,58:22,Emily Townsend Menges,POR,challenge,2nd half,0,8.8,43.2
20190719-POR-UTA-361,20190719-POR-UTA-2533,58:02,58:22,Katherine Nicole Stengel,UTA,challenge,2nd half,1,96.2,24.8
20190719-POR-UTA-362,20190719-POR-UTA-2536,58:03,58:23,Adrianna Nichole Franch,POR,save,2nd half,null,11.2,40.4
20190719-POR-UTA-363,20190719-POR-UTA-2552,58:53,59:13,Kelley Maureen O'Hara,UTA,recovery,2nd half,null,72.8,27.2
20190719-POR-UTA-364,20190719-POR-UTA-2565,58:57,59:17,Kelley Maureen O'Hara,UTA,recovery,2nd half,null,70.3,30.6
20190719-POR-UTA-365,20190719-POR-UTA-2567,59:02,59:22,Adrianna Nichole Franch,POR,recovery,2nd half,null,7.0,19.3
20190719-POR-UTA-366,20190719-POR-UTA-2571,59:28,59:48,Kate Elizabeth Bowen,UTA,recovery,2nd half,null,23.1,17.5
20190719-POR-UTA-367,20190719-POR-UTA-2576,59:29,59:49,Lindsey Michelle Horan,POR,recovery,2nd half,null,69.8,50.5
20190719-POR-UTA-368,20190719-POR-UTA-2580,59:34,59:54,Lo'eau LaBonta,UTA,challenge,2nd half,1,25.2,37.1
20190719-POR-UTA-369,20190719-POR-UTA-2581,59:34,59:54,Lo'eau LaBonta,UTA,tackle,2nd half,1,25.2,37.1
20190719-POR-UTA-370,20190719-POR-UTA-2583,59:34,59:54,Hayley Emma Raso,POR,challenge,2nd half,0,79.8,30.9
20190719-POR-UTA-371,20190719-POR-UTA-2585,59:39,59:59,Nicole Renee Barnhart,UTA,recovery,2nd half,null,1.2,16.4
20190719-POR-UTA-372,20190719-POR-UTA-2587,59:53,60:13,Amy Joy Rodriguez Shilling,UTA,challenge,2nd half,1,47.8,6.3
20190719-POR-UTA-373,20190719-POR-UTA-2588,59:53,60:13,Lindsey Michelle Horan,POR,challenge,2nd half,0,57.2,61.7
20190719-POR-UTA-374,20190719-POR-UTA-2601,60:19,60:39,Kelley Maureen O'Hara,UTA,dribble,2nd half,1,47.6,61.5
20190719-POR-UTA-375,20190719-POR-UTA-2615,60:34,60:54,Katherine Nicole Stengel,UTA,challenge,2nd half,1,68.4,49.3
20190719-POR-UTA-376,20190719-POR-UTA-2616,60:34,60:54,Emily Townsend Menges,POR,challenge,2nd half,0,36.6,18.7
20190719-POR-UTA-377,20190719-POR-UTA-2617,60:35,60:55,Katherine Nicole Stengel,UTA,dribble,2nd half,1,68.8,52.6
20190719-POR-UTA-378,20190719-POR-UTA-2631,60:48,61:08,Gunnhildur Yrsa Jonsdottir,UTA,challenge,2nd half,1,95.7,18.7
20190719-POR-UTA-379,20190719-POR-UTA-2633,60:48,61:08,Meghan Elizabeth Klingenberg,POR,challenge,2nd half,0,9.3,49.3
20190719-POR-UTA-380,20190719-POR-UTA-2636,60:52,61:12,Amy Joy Rodriguez Shilling,UTA,challenge,2nd half,0,95.0,26.0
20190719-POR-UTA-381,20190719-POR-UTA-2640,60:52,61:12,Katherine Reynolds,POR,challenge,2nd half,1,10.0,42.0
20190719-POR-UTA-382,20190719-POR-UTA-2642,60:53,61:13,Lindsey Michelle Horan,POR,challenge,2nd half,1,13.1,46.7
20190719-POR-UTA-383,20190719-POR-UTA-2643,60:53,61:13,Gunnhildur Yrsa Jonsdottir,UTA,challenge,2nd half,0,91.9,21.3
20190719-POR-UTA-384,20190719-POR-UTA-2647,62:29,62:49,Katherine Nicole Stengel,UTA,challenge,2nd half,0,51.5,4.2
20190719-POR-UTA-385,20190719-POR-UTA-2648,62:29,62:49,Lindsey Michelle Horan,POR,challenge,2nd half,1,53.5,63.8
20190719-POR-UTA-386,20190719-POR-UTA-2657,62:52,63:12,Amy Joy Rodriguez Shilling,UTA,challenge,2nd half,1,59.8,2.5
20190719-POR-UTA-387,20190719-POR-UTA-2658,62:52,63:12,Meghan Elizabeth Klingenberg,POR,challenge,2nd half,0,45.2,65.5
20190719-POR-UTA-388,20190719-POR-UTA-2668,62:58,63:18,Amy Joy Rodriguez Shilling,UTA,dribble,2nd half,1,48.0,12.1
20190719-POR-UTA-389,20190719-POR-UTA-2670,62:58,63:18,Amy Joy Rodriguez Shilling,UTA,recovery,2nd half,null,48.0,12.1
20190719-POR-UTA-390,20190719-POR-UTA-2687,63:10,63:30,Katherine Nicole Stengel,UTA,challenge,2nd half,1,96.9,26.8
20190719-POR-UTA-391,20190719-POR-UTA-2688,63:10,63:30,Meghan Elizabeth Klingenberg,POR,challenge,2nd half,0,8.1,41.2
20190719-POR-UTA-392,20190719-POR-UTA-2697,63:42,64:02,Desiree Rose Marie Scott,UTA,challenge,2nd half,1,40.2,40.8
20190719-POR-UTA-393,20190719-POR-UTA-2698,63:42,64:02,Christine Margaret Sinclair,POR,challenge,2nd half,0,64.8,27.2
20190719-POR-UTA-394,20190719-POR-UTA-2701,63:45,64:05,Gabrielle Seiler,POR,recovery,2nd half,null,45.5,30.6
20190719-POR-UTA-395,20190719-POR-UTA-2710,64:05,64:25,Katherine Nicole Stengel,UTA,dribble,2nd half,1,71.4,12.9
20190719-POR-UTA-396,20190719-POR-UTA-2717,64:11,64:31,Christine Margaret Sinclair,POR,recovery,2nd half,null,39.6,50.1
20190719-POR-UTA-397,20190719-POR-UTA-2731,64:32,64:52,Adrianna Nichole Franch,POR,recovery,2nd half,null,10.8,43.7
20190719-POR-UTA-398,20190719-POR-UTA-2764,65:19,65:39,Christen Annemarie Press,UTA,dribble,2nd half,1,46.2,60.3
20190719-POR-UTA-399,20190719-POR-UTA-2766,65:23,65:43,Lindsey Michelle Horan,POR,challenge,2nd half,1,46.0,28.1
20190719-POR-UTA-400,20190719-POR-UTA-2767,65:23,65:43,Christen Annemarie Press,UTA,challenge,2nd half,0,59.0,39.9
20190719-POR-UTA-401,20190719-POR-UTA-2768,65:23,65:43,Christen Annemarie Press,UTA,take_on,2nd half,0,59.0,39.9
20190719-POR-UTA-402,20190719-POR-UTA-2769,65:23,65:43,Lindsey Michelle Horan,POR,tackle,2nd half,1,46.0,28.1
20190719-POR-UTA-403,20190719-POR-UTA-2773,65:24,65:44,Gabrielle Seiler,POR,recovery,2nd half,null,40.6,32.9
20190719-POR-UTA-404,20190719-POR-UTA-2778,65:26,65:46,Margaret Purce,POR,recovery,2nd half,null,42.9,53.9
20190719-POR-UTA-405,20190719-POR-UTA-2788,65:33,65:53,Amy Joy Rodriguez Shilling,UTA,challenge,2nd half,0,73.7,16.6
20190719-POR-UTA-406,20190719-POR-UTA-2789,65:33,65:53,Margaret Purce,POR,challenge,2nd half,1,31.3,51.4
20190719-POR-UTA-407,20190719-POR-UTA-2790,65:33,65:53,Margaret Purce,POR,tackle,2nd half,1,31.3,51.4
20190719-POR-UTA-408,20190719-POR-UTA-2794,65:34,65:54,Gunnhildur Yrsa Jonsdottir,UTA,recovery,2nd half,null,73.8,3.3
20190719-POR-UTA-409,20190719-POR-UTA-2813,65:47,66:07,Christen Annemarie Press,UTA,recovery,2nd half,null,76.7,25.0
20190719-POR-UTA-410,20190719-POR-UTA-2821,65:56,66:16,Elizabeth Rose Ball,POR,recovery,2nd half,null,4.2,5.0
20190719-POR-UTA-411,20190719-POR-UTA-2830,66:11,66:31,Elizabeth Rose Ball,POR,tackle,2nd half,1,14.5,8.7
20190719-POR-UTA-412,20190719-POR-UTA-2831,66:11,66:31,Katherine Nicole Stengel,UTA,challenge,2nd half,0,90.5,59.3
20190719-POR-UTA-413,20190719-POR-UTA-2832,66:11,66:31,Elizabeth Rose Ball,POR,challenge,2nd half,1,14.5,8.7
20190719-POR-UTA-414,20190719-POR-UTA-2834,66:13,66:33,Hayley Emma Raso,POR,recovery,2nd half,null,25.4,10.0
20190719-POR-UTA-415,20190719-POR-UTA-2839,66:16,66:36,Caitlin Jade Foord,POR,challenge,2nd half,0,39.4,20.8
20190719-POR-UTA-416,20190719-POR-UTA-2840,66:16,66:36,Desiree Rose Marie Scott,UTA,challenge,2nd half,1,65.6,47.2
20190719-POR-UTA-417,20190719-POR-UTA-2841,66:16,66:36,Desiree Rose Marie Scott,UTA,tackle,2nd half,1,65.6,47.2
20190719-POR-UTA-418,20190719-POR-UTA-2843,66:17,66:37,Becky Sauerbrunn,UTA,recovery,2nd half,null,62.1,49.5
20190719-POR-UTA-419,20190719-POR-UTA-2848,66:19,66:39,Caitlin Jade Foord,POR,challenge,2nd half,0,41.8,13.7
20190719-POR-UTA-420,20190719-POR-UTA-2849,66:19,66:39,Caitlin Jade Foord,POR,tackle,2nd half,0,41.8,13.7
20190719-POR-UTA-421,20190719-POR-UTA-2850,66:19,66:39,Lo'eau LaBonta,UTA,take_on,2nd half,1,63.2,54.3
20190719-POR-UTA-422,20190719-POR-UTA-2852,66:20,66:40,Caitlin Jade Foord,POR,foul,2nd half,null,40.9,14.1
20190719-POR-UTA-423,20190719-POR-UTA-2860,67:16,67:36,Desiree Rose Marie Scott,UTA,recovery,2nd half,null,75.2,19.6
20190719-POR-UTA-424,20190719-POR-UTA-2873,67:25,67:45,Amy Joy Rodriguez Shilling,UTA,challenge,2nd half,1,94.8,42.4
20190719-POR-UTA-425,20190719-POR-UTA-2874,67:25,67:45,Lindsey Michelle Horan,POR,challenge,2nd half,0,10.2,25.6
20190719-POR-UTA-426,20190719-POR-UTA-2902,68:05,68:25,Christine Margaret Sinclair,POR,challenge,2nd half,1,11.4,23.1
20190719-POR-UTA-427,20190719-POR-UTA-2903,68:05,68:25,Gunnhildur Yrsa Jonsdottir,UTA,challenge,2nd half,0,93.6,44.9
20190719-POR-UTA-428,20190719-POR-UTA-2907,69:06,69:26,Kelley Maureen O'Hara,UTA,challenge,2nd half,0,70.7,63.0
20190719-POR-UTA-429,20190719-POR-UTA-2908,69:06,69:26,Lindsey Michelle Horan,POR,challenge,2nd half,1,34.3,5.0
20190719-POR-UTA-430,20190719-POR-UTA-2924,69:17,69:37,Margaret Purce,POR,dribble,2nd half,1,62.1,63.4
20190719-POR-UTA-431,20190719-POR-UTA-2942,69:32,69:52,Caitlin Jade Foord,POR,challenge,2nd half,0,95.6,38.1
20190719-POR-UTA-432,20190719-POR-UTA-2945,69:32,69:52,Rachel Louise Corsie,UTA,challenge,2nd half,1,9.4,29.9
20190719-POR-UTA-433,20190719-POR-UTA-2947,69:36,69:56,Katherine Nicole Stengel,UTA,recovery,2nd half,null,23.3,14.1
20190719-POR-UTA-434,20190719-POR-UTA-2950,69:38,69:58,Katherine Nicole Stengel,UTA,challenge,2nd half,0,18.7,6.5
20190719-POR-UTA-435,20190719-POR-UTA-2954,69:38,69:58,Margaret Purce,POR,challenge,2nd half,1,86.3,61.5
20190719-POR-UTA-436,20190719-POR-UTA-2956,69:41,70:01,Meghan Elizabeth Klingenberg,POR,take_on,2nd half,0,98.7,59.9
20190719-POR-UTA-437,20190719-POR-UTA-2957,69:41,70:01,Kate Elizabeth Bowen,UTA,tackle,2nd half,1,6.3,8.1
20190719-POR-UTA-438,20190719-POR-UTA-2958,69:41,70:01,Kate Elizabeth Bowen,UTA,challenge,2nd half,1,6.3,8.1
20190719-POR-UTA-439,20190719-POR-UTA-2959,69:41,70:01,Meghan Elizabeth Klingenberg,POR,challenge,2nd half,0,98.7,59.9
20190719-POR-UTA-440,20190719-POR-UTA-3002,71:04,71:24,Rachel Louise Corsie,UTA,challenge,2nd half,1,57.0,6.5
20190719-POR-UTA-441,20190719-POR-UTA-3003,71:04,71:24,Caitlin Jade Foord,POR,challenge,2nd half,0,48.0,61.5
20190719-POR-UTA-442,20190719-POR-UTA-3029,71:29,71:49,Desiree Rose Marie Scott,UTA,recovery,2nd half,null,13.5,50.7
20190719-POR-UTA-443,20190719-POR-UTA-3036,71:38,71:58,Emily Townsend Menges,POR,recovery,2nd half,null,41.5,5.8
20190719-POR-UTA-444,20190719-POR-UTA-3059,72:00,72:20,Katherine Nicole Stengel,UTA,recovery,2nd half,null,46.4,12.1
20190719-POR-UTA-445,20190719-POR-UTA-3105,72:42,73:02,Gunnhildur Yrsa Jonsdottir,UTA,challenge,2nd half,0,58.5,21.6
20190719-POR-UTA-446,20190719-POR-UTA-3107,72:42,73:02,Katherine Reynolds,POR,challenge,2nd half,1,46.5,46.4
20190719-POR-UTA-447,20190719-POR-UTA-3108,72:43,73:03,Gunnhildur Yrsa Jonsdottir,UTA,foul,2nd half,null,57.9,17.7
20190719-POR-UTA-448,20190719-POR-UTA-3113,74:43,75:03,Meghan Elizabeth Klingenberg,POR,dribble,2nd half,1,56.0,65.5
20190719-POR-UTA-449,20190719-POR-UTA-3116,74:49,75:09,Margaret Purce,POR,dribble,2nd half,1,81.0,66.1
20190719-POR-UTA-450,20190719-POR-UTA-3118,74:51,75:11,Margaret Purce,POR,challenge,2nd half,0,81.2,61.5
20190719-POR-UTA-451,20190719-POR-UTA-3119,74:51,75:11,Katherine Nicole Stengel,UTA,challenge,2nd half,1,23.8,6.5
20190719-POR-UTA-452,20190719-POR-UTA-3121,74:51,75:11,Katherine Nicole Stengel,UTA,tackle,2nd half,1,23.8,6.5
20190719-POR-UTA-453,20190719-POR-UTA-3125,74:53,75:13,Christine Margaret Sinclair,POR,recovery,2nd half,null,86.4,49.3
20190719-POR-UTA-454,20190719-POR-UTA-3174,75:57,76:17,Caitlin Jade Foord,POR,challenge,2nd half,0,68.1,26.4
20190719-POR-UTA-455,20190719-POR-UTA-3175,75:57,76:17,Becky Sauerbrunn,UTA,challenge,2nd half,1,36.9,41.6
20190719-POR-UTA-456,20190719-POR-UTA-3176,75:57,76:17,Becky Sauerbrunn,UTA,tackle,2nd half,1,36.9,41.6
20190719-POR-UTA-457,20190719-POR-UTA-3178,75:59,76:19,Gunnhildur Yrsa Jonsdottir,UTA,challenge,2nd half,0,37.8,24.5
20190719-POR-UTA-458,20190719-POR-UTA-3179,75:59,76:19,Caitlin Jade Foord,POR,challenge,2nd half,1,67.2,43.5
20190719-POR-UTA-459,20190719-POR-UTA-3180,76:03,76:23,Meghan Elizabeth Klingenberg,POR,recovery,2nd half,null,59.7,66.3
20190719-POR-UTA-460,20190719-POR-UTA-3204,77:12,77:32,Tobin Powell Powell Heath,POR,dribble,2nd half,1,76.3,66.1
20190719-POR-UTA-461,20190719-POR-UTA-3207,77:20,77:40,Lindsey Michelle Horan,POR,take_on,2nd half,1,95.9,60.1
20190719-POR-UTA-462,20190719-POR-UTA-3209,77:20,77:40,Kate Elizabeth Bowen,UTA,challenge,2nd half,0,9.1,7.9
20190719-POR-UTA-463,20190719-POR-UTA-3210,77:20,77:40,Kate Elizabeth Bowen,UTA,tackle,2nd half,0,9.1,7.9
20190719-POR-UTA-464,20190719-POR-UTA-3216,77:23,77:43,Kelley Maureen O'Hara,UTA,challenge,2nd half,1,12.1,34.9
20190719-POR-UTA-465,20190719-POR-UTA-3217,77:23,77:43,Hayley Emma Raso,POR,challenge,2nd half,0,92.9,33.1
20190719-POR-UTA-466,20190719-POR-UTA-3221,77:28,77:48,Emily Ann Sonnett,POR,recovery,2nd half,null,69.5,5.4
20190719-POR-UTA-467,20190719-POR-UTA-3228,77:31,77:51,Gunnhildur Yrsa Jonsdottir,UTA,recovery,2nd half,null,22.8,46.4
20190719-POR-UTA-468,20190719-POR-UTA-3235,77:40,78:00,Kelley Maureen O'Hara,UTA,take_on,2nd half,1,43.6,64.7
20190719-POR-UTA-469,20190719-POR-UTA-3236,77:40,78:00,Hayley Emma Raso,POR,challenge,2nd half,0,61.4,3.3
20190719-POR-UTA-470,20190719-POR-UTA-3238,77:40,78:00,Hayley Emma Raso,POR,tackle,2nd half,0,61.4,3.3
20190719-POR-UTA-471,20190719-POR-UTA-3245,77:50,78:10,Emily Ann Sonnett,POR,recovery,2nd half,null,40.6,2.7
20190719-POR-UTA-472,20190719-POR-UTA-3264,78:11,78:31,Meghan Elizabeth Klingenberg,POR,dribble,2nd half,1,63.5,67.2
20190719-POR-UTA-473,20190719-POR-UTA-3265,78:16,78:36,Meghan Elizabeth Klingenberg,POR,challenge,2nd half,0,68.6,59.7
20190719-POR-UTA-474,20190719-POR-UTA-3267,78:16,78:36,Christen Annemarie Press,UTA,challenge,2nd half,1,36.4,8.3
20190719-POR-UTA-475,20190719-POR-UTA-3268,78:16,78:36,Christen Annemarie Press,UTA,tackle,2nd half,1,36.4,8.3
20190719-POR-UTA-476,20190719-POR-UTA-3270,78:18,78:38,Katherine Nicole Stengel,UTA,dribble,2nd half,1,41.8,12.1
20190719-POR-UTA-477,20190719-POR-UTA-3273,78:18,78:38,Katherine Nicole Stengel,UTA,recovery,2nd half,null,41.8,12.1
20190719-POR-UTA-478,20190719-POR-UTA-3277,78:25,78:45,Christen Annemarie Press,UTA,dribble,2nd half,1,58.3,6.4
20190719-POR-UTA-479,20190719-POR-UTA-3281,78:34,78:54,Veronica Boquete,UTA,challenge,2nd half,1,83.1,53.6
20190719-POR-UTA-480,20190719-POR-UTA-3282,78:34,78:54,Hayley Emma Raso,POR,challenge,2nd half,0,21.9,14.4
20190719-POR-UTA-481,20190719-POR-UTA-3290,78:41,79:01,Adrianna Nichole Franch,POR,recovery,2nd half,null,3.5,32.0
20190719-POR-UTA-482,20190719-POR-UTA-3296,79:13,79:33,Rachel Louise Corsie,UTA,recovery,2nd half,null,31.7,32.2
20190719-POR-UTA-483,20190719-POR-UTA-3297,79:15,79:35,Lindsey Michelle Horan,POR,recovery,2nd half,null,62.8,54.9
20190719-POR-UTA-484,20190719-POR-UTA-3316,79:35,79:55,Desiree Rose Marie Scott,UTA,dribble,2nd half,1,39.5,9.4
20190719-POR-UTA-485,20190719-POR-UTA-3334,79:58,80:18,Tobin Powell Powell Heath,POR,foul,2nd half,null,99.4,57.4
20190719-POR-UTA-486,20190719-POR-UTA-3337,80:07,80:27,Veronica Boquete,UTA,dribble,2nd half,1,40.8,43.0
20190719-POR-UTA-487,20190719-POR-UTA-3342,80:14,80:34,Kelley Maureen O'Hara,UTA,dribble,2nd half,1,66.7,65.1
20190719-POR-UTA-488,20190719-POR-UTA-3344,80:18,80:38,Emily Ann Sonnett,POR,tackle,2nd half,1,20.7,19.1
20190719-POR-UTA-489,20190719-POR-UTA-3345,80:18,80:38,Kelley Maureen O'Hara,UTA,challenge,2nd half,0,84.3,48.9
20190719-POR-UTA-490,20190719-POR-UTA-3347,80:18,80:38,Kelley Maureen O'Hara,UTA,take_on,2nd half,0,84.3,48.9
20190719-POR-UTA-491,20190719-POR-UTA-3348,80:18,80:38,Emily Ann Sonnett,POR,challenge,2nd half,1,20.7,19.1
20190719-POR-UTA-492,20190719-POR-UTA-3357,80:51,81:11,Rachel Louise Corsie,UTA,recovery,2nd half,null,38.3,12.1
20190719-POR-UTA-493,20190719-POR-UTA-3359,80:53,81:13,Emily Townsend Menges,POR,recovery,2nd half,null,35.7,34.7
20190719-POR-UTA-494,20190719-POR-UTA-3361,80:54,81:14,Emily Townsend Menges,POR,dribble,2nd half,1,36.2,34.9
20190719-POR-UTA-495,20190719-POR-UTA-3371,81:08,81:28,Kelley Maureen O'Hara,UTA,recovery,2nd half,null,10.3,62.2
20190719-POR-UTA-496,20190719-POR-UTA-3384,81:17,81:37,Lindsey Michelle Horan,POR,dribble,2nd half,1,69.1,25.8
20190719-POR-UTA-497,20190719-POR-UTA-3405,81:40,82:00,Meghan Elizabeth Klingenberg,POR,challenge,2nd half,0,71.1,66.5
20190719-POR-UTA-498,20190719-POR-UTA-3406,81:40,82:00,Kate Elizabeth Bowen,UTA,challenge,2nd half,1,33.9,1.5
20190719-POR-UTA-499,20190719-POR-UTA-3407,81:40,82:00,Kate Elizabeth Bowen,UTA,tackle,2nd half,1,33.9,1.5
20190719-POR-UTA-500,20190719-POR-UTA-3408,81:40,82:00,Meghan Elizabeth Klingenberg,POR,take_on,2nd half,0,71.1,66.5
20190719-POR-UTA-501,20190719-POR-UTA-3409,81:42,82:02,Amy Joy Rodriguez Shilling,UTA,recovery,2nd half,null,30.3,5.4
20190719-POR-UTA-502,20190719-POR-UTA-3411,81:46,82:06,Caitlin Jade Foord,POR,foul,2nd half,null,86.6,58.2
20190719-POR-UTA-503,20190719-POR-UTA-3425,82:45,83:05,Christen Annemarie Press,UTA,dribble,2nd half,1,96.4,61.8
20190719-POR-UTA-504,20190719-POR-UTA-3432,82:52,83:12,Lindsey Michelle Horan,POR,recovery,2nd half,null,12.9,23.1
20190719-POR-UTA-505,20190719-POR-UTA-3449,83:03,83:23,Rachel Louise Corsie,UTA,recovery,2nd half,null,53.2,19.6
20190719-POR-UTA-506,20190719-POR-UTA-3458,83:09,83:29,Veronica Boquete,UTA,dribble,2nd half,1,69.1,47.4
20190719-POR-UTA-507,20190719-POR-UTA-3460,83:12,83:32,Veronica Boquete,UTA,take_on,2nd half,1,74.4,45.7
20190719-POR-UTA-508,20190719-POR-UTA-3461,83:12,83:32,Christine Margaret Sinclair,POR,tackle,2nd half,0,30.6,22.3
20190719-POR-UTA-509,20190719-POR-UTA-3462,83:12,83:32,Christine Margaret Sinclair,POR,challenge,2nd half,0,30.6,22.3
20190719-POR-UTA-510,20190719-POR-UTA-3477,83:46,84:06,Tobin Powell Powell Heath,POR,challenge,2nd half,0,58.5,63.0
20190719-POR-UTA-511,20190719-POR-UTA-3478,83:46,84:06,Kate Elizabeth Bowen,UTA,challenge,2nd half,1,46.5,5.0
20190719-POR-UTA-512,20190719-POR-UTA-3479,83:46,84:06,Kate Elizabeth Bowen,UTA,tackle,2nd half,1,46.5,5.0
20190719-POR-UTA-513,20190719-POR-UTA-3481,83:47,84:07,Tobin Powell Powell Heath,POR,challenge,2nd half,1,56.7,61.8
20190719-POR-UTA-514,20190719-POR-UTA-3482,83:47,84:07,Katherine Nicole Stengel,UTA,challenge,2nd half,0,48.3,6.2
20190719-POR-UTA-515,20190719-POR-UTA-3490,83:51,84:11,Desiree Rose Marie Scott,UTA,challenge,2nd half,0,38.0,19.5
20190719-POR-UTA-516,20190719-POR-UTA-3491,83:51,84:11,Tobin Powell Powell Heath,POR,challenge,2nd half,1,67.0,48.5
20190719-POR-UTA-517,20190719-POR-UTA-3493,83:52,84:12,Christine Margaret Sinclair,POR,dribble,2nd half,1,72.8,32.0
20190719-POR-UTA-518,20190719-POR-UTA-3495,83:54,84:14,Gunnhildur Yrsa Jonsdottir,UTA,challenge,2nd half,0,25.2,41.6
20190719-POR-UTA-519,20190719-POR-UTA-3496,83:54,84:14,Christine Margaret Sinclair,POR,take_on,2nd half,1,79.8,26.4
20190719-POR-UTA-520,20190719-POR-UTA-3497,83:54,84:14,Gunnhildur Yrsa Jonsdottir,UTA,tackle,2nd half,0,25.2,41.6
20190719-POR-UTA-521,20190719-POR-UTA-3501,83:58,84:18,Meghan Elizabeth Klingenberg,POR,dribble,2nd half,1,84.9,50.3
20190719-POR-UTA-522,20190719-POR-UTA-3502,83:59,84:19,Meghan Elizabeth Klingenberg,POR,take_on,2nd half,1,85.8,47.2
20190719-POR-UTA-523,20190719-POR-UTA-3503,83:59,84:19,Kate Elizabeth Bowen,UTA,challenge,2nd half,0,19.2,20.8
20190719-POR-UTA-524,20190719-POR-UTA-3504,83:59,84:19,Kate Elizabeth Bowen,UTA,tackle,2nd half,0,19.2,20.8
20190719-POR-UTA-525,20190719-POR-UTA-3526,84:35,84:55,Kelley Maureen O'Hara,UTA,challenge,2nd half,1,41.0,64.3
20190719-POR-UTA-526,20190719-POR-UTA-3527,84:35,84:55,Caitlin Jade Foord,POR,challenge,2nd half,0,64.0,3.7
20190719-POR-UTA-527,20190719-POR-UTA-3533,84:36,84:56,Emily Townsend Menges,POR,recovery,2nd half,null,43.6,6.4
20190719-POR-UTA-528,20190719-POR-UTA-3538,84:40,85:00,Becky Sauerbrunn,UTA,recovery,2nd half,null,35.3,64.3
20190719-POR-UTA-529,20190719-POR-UTA-3555,85:01,85:21,Katherine Nicole Stengel,UTA,dribble,2nd half,1,57.0,50.5
20190719-POR-UTA-530,20190719-POR-UTA-3574,85:17,85:37,Emily Ann Sonnett,POR,recovery,2nd half,null,10.5,15.6
20190719-POR-UTA-531,20190719-POR-UTA-3585,85:24,85:44,Katherine Nicole Stengel,UTA,challenge,2nd half,0,96.8,22.3
20190719-POR-UTA-532,20190719-POR-UTA-3587,85:24,85:44,Meghan Elizabeth Klingenberg,POR,tackle,2nd half,1,8.2,45.7
20190719-POR-UTA-533,20190719-POR-UTA-3588,85:24,85:44,Meghan Elizabeth Klingenberg,POR,challenge,2nd half,1,8.2,45.7
20190719-POR-UTA-534,20190719-POR-UTA-3590,85:26,85:46,Meghan Elizabeth Klingenberg,POR,dribble,2nd half,1,10.0,48.7
20190719-POR-UTA-535,20190719-POR-UTA-3593,85:35,85:55,Rachel Louise Corsie,UTA,challenge,2nd half,0,46.5,6.9
20190719-POR-UTA-536,20190719-POR-UTA-3595,85:35,85:55,Hayley Emma Raso,POR,challenge,2nd half,1,58.5,61.1
20190719-POR-UTA-537,20190719-POR-UTA-3597,85:35,85:55,Rachel Louise Corsie,UTA,foul,2nd half,null,46.4,5.2
20190719-POR-UTA-538,20190719-POR-UTA-3607,86:17,86:37,Lindsey Michelle Horan,POR,challenge,2nd half,1,90.5,39.7
20190719-POR-UTA-539,20190719-POR-UTA-3609,86:17,86:37,Gunnhildur Yrsa Jonsdottir,UTA,challenge,2nd half,0,14.5,28.3
20190719-POR-UTA-540,20190719-POR-UTA-3669,89:31,89:51,Katherine Reynolds,POR,challenge,2nd half,1,13.7,37.4
20190719-POR-UTA-541,20190719-POR-UTA-3670,89:31,89:51,Rachel Louise Corsie,UTA,challenge,2nd half,0,91.3,30.6
20190719-POR-UTA-542,20190719-POR-UTA-3674,89:33,89:53,Emily Townsend Menges,POR,recovery,2nd half,null,12.1,21.0
20190719-POR-UTA-543,20190719-POR-UTA-3677,89:35,89:55,Kelley Maureen O'Hara,UTA,recovery,2nd half,null,77.7,56.6
20190719-POR-UTA-544,20190719-POR-UTA-3690,89:40,90:00,Rachel Louise Corsie,UTA,challenge,2nd half,1,97.8,26.8
20190719-POR-UTA-545,20190719-POR-UTA-3691,89:40,90:00,Meghan Elizabeth Klingenberg,POR,challenge,2nd half,0,7.2,41.2
20190719-POR-UTA-546,20190719-POR-UTA-3707,91:02,91:22,Desiree Rose Marie Scott,UTA,recovery,2nd half,null,60.2,13.1
20190719-POR-UTA-547,20190719-POR-UTA-3709,91:04,91:24,Desiree Rose Marie Scott,UTA,dribble,2nd half,1,60.0,11.0
20190719-POR-UTA-548,20190719-POR-UTA-3725,91:13,91:33,Katherine Reynolds,POR,recovery,2nd half,null,10.8,42.6
20190719-POR-UTA-549,20190719-POR-UTA-3736,91:34,91:54,Kelley Maureen O'Hara,UTA,recovery,2nd half,null,79.3,53.4
20190719-POR-UTA-550,20190719-POR-UTA-3743,91:38,91:58,Gunnhildur Yrsa Jonsdottir,UTA,challenge,2nd half,0,92.1,32.6
20190719-POR-UTA-551,20190719-POR-UTA-3745,91:38,91:58,Gabrielle Seiler,POR,challenge,2nd half,1,12.9,35.4
20190719-POR-UTA-552,20190719-POR-UTA-3749,91:41,92:01,Christine Margaret Sinclair,POR,challenge,2nd half,0,27.7,43.9
20190719-POR-UTA-553,20190719-POR-UTA-3750,91:41,92:01,Veronica Boquete,UTA,challenge,2nd half,1,77.3,24.1
20190719-POR-UTA-554,20190719-POR-UTA-3757,91:46,92:06,Veronica Boquete,UTA,dribble,2nd half,1,66.3,25.4
20190719-POR-UTA-555,20190719-POR-UTA-3759,91:48,92:08,Lindsey Michelle Horan,POR,challenge,2nd half,0,37.1,44.7
20190719-POR-UTA-556,20190719-POR-UTA-3760,91:48,92:08,Veronica Boquete,UTA,take_on,2nd half,1,67.9,23.3
20190719-POR-UTA-557,20190719-POR-UTA-3761,91:48,92:08,Lindsey Michelle Horan,POR,tackle,2nd half,0,37.1,44.7
20190719-POR-UTA-558,20190719-POR-UTA-3774,91:58,92:18,Adrianna Nichole Franch,POR,save,2nd half,null,5.2,43.3
20190719-POR-UTA-559,20190719-POR-UTA-3782,92:00,92:20,Tobin Powell Powell Heath,POR,recovery,2nd half,null,12.6,29.5
20190719-POR-UTA-560,20190719-POR-UTA-3787,92:06,92:26,Desiree Rose Marie Scott,UTA,recovery,2nd half,null,62.8,11.9
20190719-POR-UTA-561,20190719-POR-UTA-3806,92:21,92:41,Emily Townsend Menges,POR,recovery,2nd half,null,18.7,31.4
20190719-POR-UTA-562,20190719-POR-UTA-3808,92:24,92:44,Veronica Boquete,UTA,challenge,2nd half,1,76.7,33.7
20190719-POR-UTA-563,20190719-POR-UTA-3809,92:24,92:44,Veronica Boquete,UTA,tackle,2nd half,1,76.7,33.7
20190719-POR-UTA-564,20190719-POR-UTA-3811,92:24,92:44,Gabrielle Seiler,POR,challenge,2nd half,0,28.3,34.3
20190719-POR-UTA-565,20190719-POR-UTA-3815,92:25,92:45,Kate Elizabeth Bowen,UTA,recovery,2nd half,null,73.2,25.8
20190719-POR-UTA-566,20190719-POR-UTA-3826,92:31,92:51,Adrianna Nichole Franch,POR,recovery,2nd half,null,1.8,47.0
20190719-POR-UTA-567,20190719-POR-UTA-3836,93:02,93:22,Christen Annemarie Press,UTA,dribble,2nd half,1,80.5,65.5
20190719-POR-UTA-568,20190719-POR-UTA-3840,93:02,93:22,Christen Annemarie Press,UTA,recovery,2nd half,null,80.5,65.5
20190719-POR-UTA-569,20190719-POR-UTA-3847,93:16,93:36,Katherine Reynolds,POR,challenge,2nd half,1,12.8,37.2
20190719-POR-UTA-570,20190719-POR-UTA-3848,93:16,93:36,Amy Joy Rodriguez Shilling,UTA,challenge,2nd half,0,92.2,30.8
20190719-POR-UTA-571,20190719-POR-UTA-3853,93:17,93:37,Katherine Nicole Stengel,UTA,recovery,2nd half,null,91.5,37.4
20190719-POR-UTA-572,20190719-POR-UTA-3860,93:18,93:38,Adrianna Nichole Franch,POR,save,2nd half,null,13.7,32.6
20190719-POR-UTA-573,20190719-POR-UTA-3864,93:22,93:42,Emily Ann Sonnett,POR,recovery,2nd half,null,8.4,16.0
20190719-POR-UTA-574,20190719-POR-UTA-3883,94:12,94:32,Kate Elizabeth Bowen,UTA,recovery,2nd half,null,28.0,2.7
20190719-POR-UTA-575,20190719-POR-UTA-3894,94:21,94:41,Adrianna Nichole Franch,POR,recovery,2nd half,null,15.2,37.0
20190719-POR-UTA-576,20190719-POR-UTA-3902,94:28,94:48,Rachel Louise Corsie,UTA,recovery,2nd half,null,35.0,17.3
20190719-POR-UTA-577,20190719-POR-UTA-3904,94:29,94:49,Rachel Louise Corsie,UTA,challenge,2nd half,0,37.6,16.4
20190719-POR-UTA-578,20190719-POR-UTA-3905,94:29,94:49,Tobin Powell Powell Heath,POR,challenge,2nd half,1,67.4,51.6
20190719-POR-UTA-579,20190719-POR-UTA-3908,94:30,94:50,Christine Margaret Sinclair,POR,dribble,2nd half,1,68.2,55.3
20190719-POR-UTA-580,20190719-POR-UTA-3909,94:30,94:50,Christine Margaret Sinclair,POR,recovery,2nd half,null,68.2,55.3
20190719-POR-UTA-581,20190719-POR-UTA-3930,94:44,95:04,Meghan Elizabeth Klingenberg,POR,recovery,2nd half,null,60.7,59.9
20190719-POR-UTA-582,20190719-POR-UTA-3945,95:05,95:25,Adrianna Nichole Franch,POR,recovery,2nd half,null,14.0,48.7
20190719-POR-UTA-583,20190719-POR-UTA-3950,95:13,95:33,Rachel Louise Corsie,UTA,challenge,2nd half,1,34.7,14.1
20190719-POR-UTA-584,20190719-POR-UTA-3951,95:13,95:33,Caitlin Jade Foord,POR,challenge,2nd half,0,70.3,53.9
20190719-POR-UTA-585,20190719-POR-UTA-3958,95:24,95:44,Desiree Rose Marie Scott,UTA,recovery,2nd half,null,38.8,13.3
