ID,raw_event_ID,start_time,end_time,player_ID,team_ID,half,start_pos_x,start_pos_y,successful,receiver,end_pos_x,end_pos_y,cross
20180915-RGN-POR-0,20180915-RGN-POR-2,0:00,0:12,Jessica Anne Fishlock,RGN,1st half,52.5,34.2,1,Alexandra Linsley Long Batista,35.5,34.7,0
20180915-RGN-POR-1,20180915-RGN-POR-4,0:00,0:15,Alexandra Linsley Long Batista,RGN,1st half,35.5,34.7,1,Jessica Anne Fishlock,52.5,34.2,0
20180915-RGN-POR-2,20180915-RGN-POR-8,0:00,0:20,Lauren Kate Barnes,RGN,1st half,46.4,56.0,1,Megan Anna Rapinoe,64.1,58.2,0
20180915-RGN-POR-3,20180915-RGN-POR-16,0:05,0:25,Megan Anna Rapinoe,RGN,1st half,71.8,55.3,1,Theresa Eslund,80.4,14.8,0
20180915-RGN-POR-4,20180915-RGN-POR-22,0:09,0:29,Theresa Eslund,RGN,1st half,88.6,15.6,0,Adrianna Nichole Franch,101.0,33.5,1
20180915-RGN-POR-5,20180915-RGN-POR-28,0:16,0:36,Adrianna Nichole Franch,POR,1st half,12.0,28.5,1,Caitlin Jade Foord,57.8,33.0,0
20180915-RGN-POR-6,20180915-RGN-POR-41,0:44,1:04,Lauren Kate Barnes,RGN,1st half,34.9,47.4,1,Megan Leigh Oyster,32.1,13.6,0
20180915-RGN-POR-7,20180915-RGN-POR-45,0:48,1:08,Megan Leigh Oyster,RGN,1st half,28.8,15.8,1,Lydia Grace Yilkari Williams,18.1,34.5,0
20180915-RGN-POR-8,20180915-RGN-POR-47,0:51,1:11,Lydia Grace Yilkari Williams,RGN,1st half,19.3,36.9,1,Lauren Kate Barnes,28.1,50.5,0
20180915-RGN-POR-9,20180915-RGN-POR-51,0:54,1:14,Lauren Kate Barnes,RGN,1st half,32.3,52.4,1,Rumi Utsugi,41.4,47.4,0
20180915-RGN-POR-10,20180915-RGN-POR-53,0:55,1:15,Rumi Utsugi,RGN,1st half,41.4,47.4,1,Lauren Kate Barnes,33.8,58.9,0
20180915-RGN-POR-11,20180915-RGN-POR-56,0:59,1:19,Lauren Kate Barnes,RGN,1st half,38.4,62.7,0,Emily Ann Sonnett,91.4,63.2,0
20180915-RGN-POR-12,20180915-RGN-POR-61,1:10,1:30,Megan Anna Rapinoe,RGN,1st half,91.6,68.0,1,Stephanie-Elise Catley,80.4,65.1,0
20180915-RGN-POR-13,20180915-RGN-POR-64,1:13,1:33,Stephanie-Elise Catley,RGN,1st half,81.7,63.5,0,Lindsey Michelle Horan,91.6,45.7,1
20180915-RGN-POR-14,20180915-RGN-POR-70,1:14,1:34,Lindsey Michelle Horan,POR,1st half,13.4,22.3,0,Megan Anna Rapinoe,18.5,5.5,0
20180915-RGN-POR-15,20180915-RGN-POR-76,1:18,1:38,Megan Anna Rapinoe,RGN,1st half,85.3,56.3,1,Jessica Anne Fishlock,82.7,40.5,0
20180915-RGN-POR-16,20180915-RGN-POR-86,2:06,2:26,Rumi Utsugi,RGN,1st half,79.6,36.6,1,Stephanie-Elise Catley,89.9,48.4,0
20180915-RGN-POR-17,20180915-RGN-POR-91,2:07,2:27,Stephanie-Elise Catley,RGN,1st half,89.9,48.4,0,Margaret Purce,91.1,44.3,0
20180915-RGN-POR-18,20180915-RGN-POR-102,2:12,2:32,Lauren Kate Barnes,RGN,1st half,56.7,51.7,1,Megan Anna Rapinoe,95.6,55.5,0
20180915-RGN-POR-19,20180915-RGN-POR-105,2:48,3:08,Adrianna Nichole Franch,POR,1st half,5.2,39.3,0,Rumi Utsugi,58.0,56.5,0
20180915-RGN-POR-20,20180915-RGN-POR-111,2:51,3:11,Rumi Utsugi,RGN,1st half,47.0,11.5,0,Celeste Anais Boureille,57.1,21.1,0
20180915-RGN-POR-21,20180915-RGN-POR-113,2:52,3:12,Celeste Anais Boureille,POR,1st half,47.9,46.9,0,Jessica Anne Fishlock,50.2,37.6,0
20180915-RGN-POR-22,20180915-RGN-POR-123,2:57,3:17,Lindsey Michelle Horan,POR,1st half,48.3,40.0,0,Rumi Utsugi,55.7,31.8,0
20180915-RGN-POR-23,20180915-RGN-POR-127,2:58,3:18,Rumi Utsugi,RGN,1st half,49.3,36.2,1,Megan Anna Rapinoe,57.1,37.8,0
20180915-RGN-POR-24,20180915-RGN-POR-130,2:59,3:19,Megan Anna Rapinoe,RGN,1st half,57.1,37.8,1,Jessica Anne Fishlock,62.4,35.9,0
20180915-RGN-POR-25,20180915-RGN-POR-137,3:02,3:22,Jessica Anne Fishlock,RGN,1st half,68.0,44.3,0,Ellie Madison Carpenter,94.9,52.7,0
20180915-RGN-POR-26,20180915-RGN-POR-141,3:14,3:34,Stephanie-Elise Catley,RGN,1st half,97.9,68.0,1,Rumi Utsugi,90.9,64.4,0
20180915-RGN-POR-27,20180915-RGN-POR-144,3:15,3:35,Rumi Utsugi,RGN,1st half,90.9,64.4,1,Stephanie-Elise Catley,97.7,66.8,0
20180915-RGN-POR-28,20180915-RGN-POR-150,3:46,4:06,Megan Anna Rapinoe,RGN,1st half,105.0,68.0,1,Jasmyne Spencer,103.3,48.4,0
20180915-RGN-POR-29,20180915-RGN-POR-153,3:48,4:08,Jasmyne Spencer,RGN,1st half,102.7,51.7,1,Megan Anna Rapinoe,98.5,60.1,0
20180915-RGN-POR-30,20180915-RGN-POR-157,3:49,4:09,Megan Anna Rapinoe,RGN,1st half,98.5,60.1,0,Lindsey Michelle Horan,96.6,36.9,1
20180915-RGN-POR-31,20180915-RGN-POR-164,3:54,4:14,Christine Margaret Sinclair,POR,1st half,12.0,62.7,0,Lauren Kate Barnes,35.3,63.0,0
20180915-RGN-POR-32,20180915-RGN-POR-172,4:20,4:40,Adrianna Nichole Franch,POR,1st half,5.0,37.4,1,Lindsey Michelle Horan,51.9,57.2,0
20180915-RGN-POR-33,20180915-RGN-POR-178,4:50,5:10,Emily Ann Sonnett,POR,1st half,48.9,50.5,0,Alexandra Linsley Long Batista,91.1,30.9,0
20180915-RGN-POR-34,20180915-RGN-POR-182,4:53,5:13,Alexandra Linsley Long Batista,RGN,1st half,13.9,37.1,1,Rumi Utsugi,21.2,44.3,0
20180915-RGN-POR-35,20180915-RGN-POR-186,4:54,5:14,Rumi Utsugi,RGN,1st half,21.2,44.3,0,Celeste Anais Boureille,41.4,46.2,0
20180915-RGN-POR-36,20180915-RGN-POR-190,4:58,5:18,Celeste Anais Boureille,POR,1st half,58.0,27.8,1,Emily Townsend Menges,50.0,30.4,0
20180915-RGN-POR-37,20180915-RGN-POR-194,5:01,5:21,Emily Townsend Menges,POR,1st half,47.9,34.5,1,Emily Ann Sonnett,45.6,45.5,0
20180915-RGN-POR-38,20180915-RGN-POR-197,5:03,5:23,Emily Ann Sonnett,POR,1st half,46.2,47.2,1,Meghan Elizabeth Klingenberg,74.3,45.3,0
20180915-RGN-POR-39,20180915-RGN-POR-200,5:05,5:25,Meghan Elizabeth Klingenberg,POR,1st half,48.1,64.4,0,Lauren Kate Barnes,74.3,45.3,0
20180915-RGN-POR-40,20180915-RGN-POR-203,5:07,5:27,Lauren Kate Barnes,RGN,1st half,30.7,22.7,1,Alexandra Linsley Long Batista,36.8,13.2,0
20180915-RGN-POR-41,20180915-RGN-POR-204,5:10,5:30,Alexandra Linsley Long Batista,RGN,1st half,36.8,13.2,1,Theresa Eslund,35.5,2.4,0
20180915-RGN-POR-42,20180915-RGN-POR-205,5:12,5:32,Theresa Eslund,RGN,1st half,35.5,2.4,1,Alexandra Linsley Long Batista,27.9,5.5,0
20180915-RGN-POR-43,20180915-RGN-POR-206,5:16,5:36,Alexandra Linsley Long Batista,RGN,1st half,27.9,5.5,1,Megan Leigh Oyster,7.6,5.5,0
20180915-RGN-POR-44,20180915-RGN-POR-207,5:18,5:38,Megan Leigh Oyster,RGN,1st half,7.6,5.5,1,Jessica Anne Fishlock,44.5,8.6,0
20180915-RGN-POR-45,20180915-RGN-POR-217,5:25,5:45,Lindsey Michelle Horan,POR,1st half,55.7,67.5,1,Meghan Elizabeth Klingenberg,41.8,67.0,0
20180915-RGN-POR-46,20180915-RGN-POR-221,5:28,5:48,Meghan Elizabeth Klingenberg,POR,1st half,37.8,65.8,1,Adrianna Nichole Franch,9.0,40.2,0
20180915-RGN-POR-47,20180915-RGN-POR-224,5:33,5:53,Adrianna Nichole Franch,POR,1st half,10.1,36.4,1,Margaret Purce,44.9,15.3,0
20180915-RGN-POR-48,20180915-RGN-POR-227,6:00,6:20,Stephanie-Elise Catley,RGN,1st half,35.9,68.0,1,Jessica Anne Fishlock,47.9,63.2,0
20180915-RGN-POR-49,20180915-RGN-POR-228,6:01,6:21,Jessica Anne Fishlock,RGN,1st half,47.9,63.2,0,Margaret Purce,44.3,64.4,0
20180915-RGN-POR-50,20180915-RGN-POR-232,6:05,6:25,Megan Anna Rapinoe,RGN,1st half,50.4,68.0,0,Emily Ann Sonnett,72.7,57.5,0
20180915-RGN-POR-51,20180915-RGN-POR-236,6:06,6:26,Emily Ann Sonnett,POR,1st half,32.3,10.5,0,Rumi Utsugi,54.6,13.2,0
20180915-RGN-POR-52,20180915-RGN-POR-240,6:08,6:28,Rumi Utsugi,RGN,1st half,50.4,54.8,1,Jasmyne Spencer,78.5,36.2,0
20180915-RGN-POR-53,20180915-RGN-POR-247,6:13,6:33,Emily Townsend Menges,POR,1st half,31.3,39.3,1,Tobin Powell Powell Heath,45.2,61.8,0
20180915-RGN-POR-54,20180915-RGN-POR-259,6:58,7:18,Emily Ann Sonnett,POR,1st half,55.9,63.5,1,Lindsey Michelle Horan,87.6,34.7,0
20180915-RGN-POR-55,20180915-RGN-POR-269,7:02,7:22,Stephanie-Elise Catley,RGN,1st half,16.8,29.2,1,Jodie Lee Taylor,30.4,28.3,0
20180915-RGN-POR-56,20180915-RGN-POR-272,7:05,7:25,Meghan Elizabeth Klingenberg,POR,1st half,73.1,47.9,1,Tobin Powell Powell Heath,74.8,57.7,0
20180915-RGN-POR-57,20180915-RGN-POR-287,7:11,7:31,Tobin Powell Powell Heath,POR,1st half,95.1,62.5,0,Rumi Utsugi,93.4,39.5,1
20180915-RGN-POR-58,20180915-RGN-POR-291,7:12,7:32,Rumi Utsugi,RGN,1st half,11.6,28.5,1,Megan Anna Rapinoe,27.7,33.3,0
20180915-RGN-POR-59,20180915-RGN-POR-294,7:13,7:33,Megan Anna Rapinoe,RGN,1st half,27.7,33.3,0,Celeste Anais Boureille,29.8,25.6,0
20180915-RGN-POR-60,20180915-RGN-POR-299,7:16,7:36,Celeste Anais Boureille,POR,1st half,79.8,45.7,0,Rumi Utsugi,84.2,46.2,0
20180915-RGN-POR-61,20180915-RGN-POR-304,7:25,7:45,Meghan Elizabeth Klingenberg,POR,1st half,86.1,68.0,1,Christine Margaret Sinclair,93.4,59.1,0
20180915-RGN-POR-62,20180915-RGN-POR-307,7:28,7:48,Christine Margaret Sinclair,POR,1st half,90.7,62.3,1,Lindsey Michelle Horan,83.6,57.7,0
20180915-RGN-POR-63,20180915-RGN-POR-310,7:32,7:52,Lindsey Michelle Horan,POR,1st half,84.2,57.0,1,Christine Margaret Sinclair,91.8,52.0,0
20180915-RGN-POR-64,20180915-RGN-POR-324,8:26,8:46,Lauren Kate Barnes,RGN,1st half,27.9,61.3,1,Rumi Utsugi,39.3,57.0,0
20180915-RGN-POR-65,20180915-RGN-POR-325,8:27,8:47,Rumi Utsugi,RGN,1st half,39.3,57.0,1,Lauren Kate Barnes,29.2,63.5,0
20180915-RGN-POR-66,20180915-RGN-POR-334,8:29,8:49,Lauren Kate Barnes,RGN,1st half,28.8,63.7,1,Rumi Utsugi,37.6,53.2,0
20180915-RGN-POR-67,20180915-RGN-POR-336,8:32,8:52,Rumi Utsugi,RGN,1st half,33.2,56.0,1,Lauren Kate Barnes,24.4,57.5,0
20180915-RGN-POR-68,20180915-RGN-POR-340,8:34,8:54,Lauren Kate Barnes,RGN,1st half,22.7,55.5,1,Lydia Grace Yilkari Williams,9.4,40.5,0
20180915-RGN-POR-69,20180915-RGN-POR-342,8:40,9:00,Lydia Grace Yilkari Williams,RGN,1st half,14.7,36.9,1,Stephanie-Elise Catley,48.3,63.0,0
20180915-RGN-POR-70,20180915-RGN-POR-346,8:45,9:05,Stephanie-Elise Catley,RGN,1st half,54.2,62.0,1,Rumi Utsugi,47.2,58.2,0
20180915-RGN-POR-71,20180915-RGN-POR-348,8:46,9:06,Rumi Utsugi,RGN,1st half,47.2,58.2,1,Megan Anna Rapinoe,75.8,66.3,0
20180915-RGN-POR-72,20180915-RGN-POR-353,9:05,9:25,Ellie Madison Carpenter,POR,1st half,36.5,2.4,1,Emily Ann Sonnett,31.9,11.3,0
20180915-RGN-POR-73,20180915-RGN-POR-354,9:08,9:28,Emily Ann Sonnett,POR,1st half,31.9,11.3,1,Lindsey Michelle Horan,35.5,23.9,0
20180915-RGN-POR-74,20180915-RGN-POR-355,9:09,9:29,Lindsey Michelle Horan,POR,1st half,35.5,23.9,1,Emily Townsend Menges,20.8,29.0,0
20180915-RGN-POR-75,20180915-RGN-POR-356,9:11,9:31,Emily Townsend Menges,POR,1st half,20.8,29.0,0,Stephanie-Elise Catley,49.8,0.0,0
20180915-RGN-POR-76,20180915-RGN-POR-357,9:28,9:48,Stephanie-Elise Catley,RGN,1st half,55.2,68.0,1,Megan Anna Rapinoe,63.6,64.2,0
20180915-RGN-POR-77,20180915-RGN-POR-359,9:29,9:49,Megan Anna Rapinoe,RGN,1st half,63.6,64.2,1,Stephanie-Elise Catley,58.4,62.0,0
20180915-RGN-POR-78,20180915-RGN-POR-362,9:31,9:51,Stephanie-Elise Catley,RGN,1st half,60.1,60.6,1,Rumi Utsugi,55.2,58.4,0
20180915-RGN-POR-79,20180915-RGN-POR-365,9:34,9:54,Rumi Utsugi,RGN,1st half,56.9,63.9,0,Celeste Anais Boureille,66.2,58.4,0
20180915-RGN-POR-80,20180915-RGN-POR-370,9:36,9:56,Celeste Anais Boureille,POR,1st half,44.5,10.1,1,Caitlin Jade Foord,59.6,13.9,0
20180915-RGN-POR-81,20180915-RGN-POR-372,9:37,9:57,Caitlin Jade Foord,POR,1st half,59.6,13.9,1,Christine Margaret Sinclair,56.1,7.2,0
20180915-RGN-POR-82,20180915-RGN-POR-375,9:40,10:00,Christine Margaret Sinclair,POR,1st half,54.2,10.3,1,Tobin Powell Powell Heath,71.4,23.0,0
20180915-RGN-POR-83,20180915-RGN-POR-382,9:43,10:03,Megan Leigh Oyster,RGN,1st half,36.1,45.3,1,Alexandra Linsley Long Batista,39.3,44.3,0
20180915-RGN-POR-84,20180915-RGN-POR-384,9:47,10:07,Alexandra Linsley Long Batista,RGN,1st half,46.2,34.5,1,Jasmyne Spencer,48.3,21.3,0
20180915-RGN-POR-85,20180915-RGN-POR-395,9:55,10:15,Christine Margaret Sinclair,POR,1st half,39.7,40.0,1,Caitlin Jade Foord,46.0,49.3,0
20180915-RGN-POR-86,20180915-RGN-POR-400,10:01,10:21,Caitlin Jade Foord,POR,1st half,78.5,45.5,0,Rumi Utsugi,79.8,44.8,0
20180915-RGN-POR-87,20180915-RGN-POR-407,10:05,10:25,Megan Leigh Oyster,RGN,1st half,13.7,17.2,1,Theresa Eslund,26.2,5.5,0
20180915-RGN-POR-88,20180915-RGN-POR-412,10:10,10:30,Theresa Eslund,RGN,1st half,26.5,1.9,1,Jasmyne Spencer,45.4,5.5,0
20180915-RGN-POR-89,20180915-RGN-POR-421,10:35,10:55,Megan Leigh Oyster,RGN,1st half,46.6,6.0,1,Jessica Anne Fishlock,69.3,10.8,0
20180915-RGN-POR-90,20180915-RGN-POR-424,10:38,10:58,Jessica Anne Fishlock,RGN,1st half,75.4,8.6,1,Jasmyne Spencer,81.5,5.7,0
20180915-RGN-POR-91,20180915-RGN-POR-431,10:43,11:03,Meghan Elizabeth Klingenberg,POR,1st half,38.2,66.1,0,Megan Leigh Oyster,58.4,63.0,0
20180915-RGN-POR-92,20180915-RGN-POR-434,10:48,11:08,Megan Leigh Oyster,RGN,1st half,52.5,2.2,1,Lauren Kate Barnes,35.1,14.6,0
20180915-RGN-POR-93,20180915-RGN-POR-436,10:51,11:11,Lauren Kate Barnes,RGN,1st half,35.9,18.4,1,Alexandra Linsley Long Batista,40.9,27.3,0
20180915-RGN-POR-94,20180915-RGN-POR-440,10:56,11:16,Alexandra Linsley Long Batista,RGN,1st half,44.9,38.8,1,Lauren Kate Barnes,37.4,29.9,0
20180915-RGN-POR-95,20180915-RGN-POR-442,10:58,11:18,Lauren Kate Barnes,RGN,1st half,37.4,29.9,1,Alexandra Linsley Long Batista,47.7,30.6,0
20180915-RGN-POR-96,20180915-RGN-POR-445,11:00,11:20,Alexandra Linsley Long Batista,RGN,1st half,48.9,28.5,1,Theresa Eslund,85.5,1.7,0
20180915-RGN-POR-97,20180915-RGN-POR-448,11:04,11:24,Theresa Eslund,RGN,1st half,85.5,1.7,1,Jasmyne Spencer,97.0,15.1,0
20180915-RGN-POR-98,20180915-RGN-POR-453,11:46,12:06,Stephanie-Elise Catley,RGN,1st half,105.0,0.0,1,Theresa Eslund,89.0,3.1,0
20180915-RGN-POR-99,20180915-RGN-POR-468,11:56,12:16,Lauren Kate Barnes,RGN,1st half,57.8,33.3,1,Jessica Anne Fishlock,94.3,1.4,0
20180915-RGN-POR-100,20180915-RGN-POR-477,12:05,12:25,Meghan Elizabeth Klingenberg,POR,1st half,1.5,65.1,1,Tobin Powell Powell Heath,5.9,65.8,0
20180915-RGN-POR-101,20180915-RGN-POR-478,12:09,12:29,Tobin Powell Powell Heath,POR,1st half,5.9,65.8,1,Meghan Elizabeth Klingenberg,30.4,67.0,0
20180915-RGN-POR-102,20180915-RGN-POR-480,12:10,12:30,Meghan Elizabeth Klingenberg,POR,1st half,0.8,63.2,0,Megan Leigh Oyster,30.4,67.0,0
20180915-RGN-POR-103,20180915-RGN-POR-482,12:13,12:33,Megan Leigh Oyster,RGN,1st half,74.6,1.0,1,Alexandra Linsley Long Batista,85.1,4.5,0
20180915-RGN-POR-104,20180915-RGN-POR-495,12:59,13:19,Adrianna Nichole Franch,POR,1st half,17.9,62.5,0,Theresa Eslund,70.8,62.7,0
20180915-RGN-POR-105,20180915-RGN-POR-497,13:02,13:22,Theresa Eslund,RGN,1st half,34.2,5.3,1,Jasmyne Spencer,46.2,4.1,0
20180915-RGN-POR-106,20180915-RGN-POR-502,13:04,13:24,Jasmyne Spencer,RGN,1st half,42.4,3.1,1,Megan Leigh Oyster,28.1,2.6,0
20180915-RGN-POR-107,20180915-RGN-POR-504,13:05,13:25,Megan Leigh Oyster,RGN,1st half,28.1,2.6,0,Emily Ann Sonnett,69.9,17.0,0
20180915-RGN-POR-108,20180915-RGN-POR-508,13:10,13:30,Emily Ann Sonnett,POR,1st half,34.9,45.7,0,Lauren Kate Barnes,72.2,29.7,0
20180915-RGN-POR-109,20180915-RGN-POR-513,13:16,13:36,Stephanie-Elise Catley,RGN,1st half,48.5,56.7,0,Ellie Madison Carpenter,68.0,68.0,0
20180915-RGN-POR-110,20180915-RGN-POR-516,13:37,13:57,Ellie Madison Carpenter,POR,1st half,37.0,0.0,1,Christine Margaret Sinclair,54.4,6.9,0
20180915-RGN-POR-111,20180915-RGN-POR-523,13:38,13:58,Rumi Utsugi,RGN,1st half,50.6,61.1,0,Lindsey Michelle Horan,55.2,56.3,0
20180915-RGN-POR-112,20180915-RGN-POR-527,13:40,14:00,Lindsey Michelle Horan,POR,1st half,49.8,11.7,0,Stephanie-Elise Catley,62.4,7.7,0
20180915-RGN-POR-113,20180915-RGN-POR-531,13:41,14:01,Stephanie-Elise Catley,RGN,1st half,42.6,61.1,1,Jessica Anne Fishlock,48.3,51.2,0
20180915-RGN-POR-114,20180915-RGN-POR-535,13:45,14:05,Jessica Anne Fishlock,RGN,1st half,48.7,57.2,1,Stephanie-Elise Catley,44.3,63.0,0
20180915-RGN-POR-115,20180915-RGN-POR-537,13:47,14:07,Stephanie-Elise Catley,RGN,1st half,44.3,63.0,1,Lauren Kate Barnes,40.1,56.7,0
20180915-RGN-POR-116,20180915-RGN-POR-539,13:48,14:08,Rumi Utsugi,RGN,1st half,41.6,57.7,1,Alexandra Linsley Long Batista,38.6,45.5,0
20180915-RGN-POR-117,20180915-RGN-POR-542,13:52,14:12,Alexandra Linsley Long Batista,RGN,1st half,38.0,36.9,1,Theresa Eslund,75.2,2.9,0
20180915-RGN-POR-118,20180915-RGN-POR-550,13:58,14:18,Theresa Eslund,RGN,1st half,86.5,1.7,0,Adrianna Nichole Franch,99.3,32.1,1
20180915-RGN-POR-119,20180915-RGN-POR-553,14:01,14:21,Adrianna Nichole Franch,POR,1st half,9.0,38.3,1,Lindsey Michelle Horan,26.5,51.5,0
20180915-RGN-POR-120,20180915-RGN-POR-559,14:40,15:00,Adrianna Nichole Franch,POR,1st half,28.1,49.6,0,Rumi Utsugi,71.6,45.3,0
20180915-RGN-POR-121,20180915-RGN-POR-561,14:42,15:02,Rumi Utsugi,RGN,1st half,33.4,22.7,1,Jessica Anne Fishlock,39.1,17.5,0
20180915-RGN-POR-122,20180915-RGN-POR-568,14:44,15:04,Celeste Anais Boureille,POR,1st half,65.9,50.5,0,Theresa Eslund,74.3,51.2,0
20180915-RGN-POR-123,20180915-RGN-POR-572,14:46,15:06,Theresa Eslund,RGN,1st half,30.7,16.8,1,Jodie Lee Taylor,72.5,12.9,0
20180915-RGN-POR-124,20180915-RGN-POR-580,14:51,15:11,Emily Townsend Menges,POR,1st half,37.2,53.9,0,Jasmyne Spencer,38.6,53.6,0
20180915-RGN-POR-125,20180915-RGN-POR-592,15:03,15:23,Stephanie-Elise Catley,RGN,1st half,78.5,68.0,1,Megan Anna Rapinoe,85.7,59.6,0
20180915-RGN-POR-126,20180915-RGN-POR-597,15:07,15:27,Megan Anna Rapinoe,RGN,1st half,81.7,48.1,0,Lindsey Michelle Horan,81.3,46.9,0
20180915-RGN-POR-127,20180915-RGN-POR-603,15:13,15:33,Christine Margaret Sinclair,POR,1st half,38.0,6.0,0,Megan Leigh Oyster,93.4,10.3,0
20180915-RGN-POR-128,20180915-RGN-POR-604,15:18,15:38,Megan Leigh Oyster,RGN,1st half,11.6,57.7,1,Lydia Grace Yilkari Williams,2.1,44.5,0
20180915-RGN-POR-129,20180915-RGN-POR-606,15:20,15:40,Lydia Grace Yilkari Williams,RGN,1st half,2.1,44.5,0,Ellie Madison Carpenter,7.6,68.0,0
20180915-RGN-POR-130,20180915-RGN-POR-609,15:50,16:10,Ellie Madison Carpenter,POR,1st half,97.4,0.0,1,Margaret Purce,98.1,23.0,0
20180915-RGN-POR-131,20180915-RGN-POR-615,15:52,16:12,Margaret Purce,POR,1st half,98.1,23.0,1,Tobin Powell Powell Heath,0.0,0.0,0
20180915-RGN-POR-132,20180915-RGN-POR-628,16:27,16:47,Tobin Powell Powell Heath,POR,1st half,104.6,0.5,1,Celeste Anais Boureille,101.0,25.9,0
20180915-RGN-POR-133,20180915-RGN-POR-636,16:52,17:12,Ellie Madison Carpenter,POR,1st half,80.0,0.0,0,Alexandra Linsley Long Batista,96.6,21.5,0
20180915-RGN-POR-134,20180915-RGN-POR-677,17:04,17:24,Rumi Utsugi,RGN,1st half,7.6,30.4,1,Jessica Anne Fishlock,8.2,22.7,0
20180915-RGN-POR-135,20180915-RGN-POR-695,17:38,17:58,Tobin Powell Powell Heath,POR,1st half,105.0,68.0,0,Lydia Grace Yilkari Williams,101.6,36.6,0
20180915-RGN-POR-136,20180915-RGN-POR-707,17:45,18:05,Meghan Elizabeth Klingenberg,POR,1st half,58.4,51.0,1,Emily Townsend Menges,55.0,58.2,0
20180915-RGN-POR-137,20180915-RGN-POR-709,17:47,18:07,Emily Townsend Menges,POR,1st half,55.0,58.2,1,Tobin Powell Powell Heath,73.1,67.3,0
20180915-RGN-POR-138,20180915-RGN-POR-713,17:55,18:15,Tobin Powell Powell Heath,POR,1st half,76.9,52.2,1,Celeste Anais Boureille,92.2,59.9,0
20180915-RGN-POR-139,20180915-RGN-POR-722,18:29,18:49,Tobin Powell Powell Heath,POR,1st half,105.0,68.0,0,Jessica Anne Fishlock,98.7,33.5,0
20180915-RGN-POR-140,20180915-RGN-POR-733,18:54,19:14,Ellie Madison Carpenter,POR,1st half,88.2,0.0,1,Lindsey Michelle Horan,92.0,17.7,0
20180915-RGN-POR-141,20180915-RGN-POR-743,18:56,19:16,Lindsey Michelle Horan,POR,1st half,100.6,21.5,0,Megan Anna Rapinoe,92.0,17.7,0
20180915-RGN-POR-142,20180915-RGN-POR-747,18:58,19:18,Megan Anna Rapinoe,RGN,1st half,13.0,50.3,1,Rumi Utsugi,14.1,43.1,0
20180915-RGN-POR-143,20180915-RGN-POR-756,19:02,19:22,Megan Leigh Oyster,RGN,1st half,14.9,31.4,0,Emily Townsend Menges,50.0,29.5,0
20180915-RGN-POR-144,20180915-RGN-POR-759,19:05,19:25,Emily Townsend Menges,POR,1st half,55.0,38.5,0,Jasmyne Spencer,71.0,46.2,0
20180915-RGN-POR-145,20180915-RGN-POR-768,19:10,19:30,Jasmyne Spencer,RGN,1st half,54.2,28.3,1,Jessica Anne Fishlock,51.7,32.8,0
20180915-RGN-POR-146,20180915-RGN-POR-770,19:13,19:33,Jessica Anne Fishlock,RGN,1st half,52.9,41.2,1,Stephanie-Elise Catley,60.5,57.5,0
20180915-RGN-POR-147,20180915-RGN-POR-774,19:17,19:37,Stephanie-Elise Catley,RGN,1st half,75.0,59.4,1,Megan Anna Rapinoe,90.7,63.0,0
20180915-RGN-POR-148,20180915-RGN-POR-778,19:20,19:40,Megan Anna Rapinoe,RGN,1st half,88.4,60.3,1,Stephanie-Elise Catley,87.8,59.9,0
20180915-RGN-POR-149,20180915-RGN-POR-783,19:26,19:46,Theresa Eslund,RGN,1st half,93.0,18.9,0,Meghan Elizabeth Klingenberg,98.9,27.3,0
20180915-RGN-POR-150,20180915-RGN-POR-785,19:27,19:47,Meghan Elizabeth Klingenberg,POR,1st half,6.1,40.7,0,Alexandra Linsley Long Batista,35.5,56.5,0
20180915-RGN-POR-151,20180915-RGN-POR-793,19:32,19:52,Alexandra Linsley Long Batista,RGN,1st half,73.1,10.3,1,Jessica Anne Fishlock,92.2,40.5,1
20180915-RGN-POR-152,20180915-RGN-POR-806,19:35,19:55,Jessica Anne Fishlock,RGN,1st half,92.2,40.5,0,Emily Townsend Menges,98.7,38.3,0
20180915-RGN-POR-153,20180915-RGN-POR-811,19:41,20:01,Margaret Purce,POR,1st half,26.5,3.4,0,Stephanie-Elise Catley,54.4,5.5,0
20180915-RGN-POR-154,20180915-RGN-POR-812,20:04,20:24,Stephanie-Elise Catley,RGN,1st half,50.6,62.5,0,Celeste Anais Boureille,73.5,57.2,0
20180915-RGN-POR-155,20180915-RGN-POR-814,20:05,20:25,Celeste Anais Boureille,POR,1st half,31.5,10.8,1,Margaret Purce,41.8,2.6,0
20180915-RGN-POR-156,20180915-RGN-POR-816,20:08,20:28,Margaret Purce,POR,1st half,41.8,2.6,0,Stephanie-Elise Catley,64.3,0.0,0
20180915-RGN-POR-157,20180915-RGN-POR-817,20:23,20:43,Stephanie-Elise Catley,RGN,1st half,40.7,68.0,1,Megan Anna Rapinoe,55.9,63.9,0
20180915-RGN-POR-158,20180915-RGN-POR-821,20:26,20:46,Megan Anna Rapinoe,RGN,1st half,54.0,64.4,1,Theresa Eslund,45.8,27.5,0
20180915-RGN-POR-159,20180915-RGN-POR-822,20:29,20:49,Theresa Eslund,RGN,1st half,45.8,27.5,1,Alexandra Linsley Long Batista,32.3,39.5,0
20180915-RGN-POR-160,20180915-RGN-POR-825,20:35,20:55,Alexandra Linsley Long Batista,RGN,1st half,34.4,29.2,1,Rumi Utsugi,33.6,48.6,0
20180915-RGN-POR-161,20180915-RGN-POR-827,20:37,20:57,Rumi Utsugi,RGN,1st half,33.6,48.6,1,Lauren Kate Barnes,25.0,48.1,0
20180915-RGN-POR-162,20180915-RGN-POR-829,20:38,20:58,Lauren Kate Barnes,RGN,1st half,25.0,48.1,1,Stephanie-Elise Catley,44.5,61.1,0
20180915-RGN-POR-163,20180915-RGN-POR-832,20:40,21:00,Stephanie-Elise Catley,RGN,1st half,44.5,60.6,1,Rumi Utsugi,47.0,52.9,0
20180915-RGN-POR-164,20180915-RGN-POR-836,20:42,21:02,Rumi Utsugi,RGN,1st half,47.9,54.6,1,Megan Anna Rapinoe,63.6,57.0,0
20180915-RGN-POR-165,20180915-RGN-POR-837,20:43,21:03,Megan Anna Rapinoe,RGN,1st half,63.6,57.0,1,Stephanie-Elise Catley,63.8,63.7,0
20180915-RGN-POR-166,20180915-RGN-POR-839,20:44,21:04,Stephanie-Elise Catley,RGN,1st half,63.8,63.7,1,Megan Anna Rapinoe,75.6,60.6,0
20180915-RGN-POR-167,20180915-RGN-POR-846,21:04,21:24,Megan Anna Rapinoe,RGN,1st half,96.8,68.0,1,Jessica Anne Fishlock,97.0,60.1,0
20180915-RGN-POR-168,20180915-RGN-POR-850,21:06,21:26,Jessica Anne Fishlock,RGN,1st half,97.2,63.0,1,Megan Anna Rapinoe,97.2,66.8,0
20180915-RGN-POR-169,20180915-RGN-POR-853,21:09,21:29,Megan Anna Rapinoe,RGN,1st half,100.6,62.5,1,Theresa Eslund,100.2,15.8,1
20180915-RGN-POR-170,20180915-RGN-POR-861,21:28,21:48,Theresa Eslund,RGN,1st half,91.6,0.0,1,Alexandra Linsley Long Batista,76.9,6.2,0
20180915-RGN-POR-171,20180915-RGN-POR-864,21:32,21:52,Alexandra Linsley Long Batista,RGN,1st half,72.4,10.1,1,Lauren Kate Barnes,56.1,31.6,0
20180915-RGN-POR-172,20180915-RGN-POR-867,21:35,21:55,Lauren Kate Barnes,RGN,1st half,56.1,34.2,1,Stephanie-Elise Catley,66.6,61.3,0
20180915-RGN-POR-173,20180915-RGN-POR-871,21:39,21:59,Stephanie-Elise Catley,RGN,1st half,72.9,61.1,0,Lindsey Michelle Horan,90.7,34.2,1
20180915-RGN-POR-174,20180915-RGN-POR-886,21:46,22:06,Celeste Anais Boureille,POR,1st half,19.7,22.0,1,Margaret Purce,27.5,6.5,0
20180915-RGN-POR-175,20180915-RGN-POR-902,21:54,22:14,Celeste Anais Boureille,POR,1st half,10.9,12.5,1,Ellie Madison Carpenter,5.9,9.6,0
20180915-RGN-POR-176,20180915-RGN-POR-904,21:56,22:16,Ellie Madison Carpenter,POR,1st half,5.9,9.6,0,Lauren Kate Barnes,38.2,4.8,0
20180915-RGN-POR-177,20180915-RGN-POR-909,21:59,22:19,Lauren Kate Barnes,RGN,1st half,67.0,66.3,0,Ellie Madison Carpenter,70.3,68.0,0
20180915-RGN-POR-178,20180915-RGN-POR-911,22:19,22:39,Ellie Madison Carpenter,POR,1st half,34.7,0.0,1,Christine Margaret Sinclair,62.6,8.6,0
20180915-RGN-POR-179,20180915-RGN-POR-914,22:19,22:39,Christine Margaret Sinclair,POR,1st half,54.8,6.5,0,Stephanie-Elise Catley,62.6,8.6,0
20180915-RGN-POR-180,20180915-RGN-POR-918,22:21,22:41,Stephanie-Elise Catley,RGN,1st half,42.8,59.4,1,Alexandra Linsley Long Batista,47.7,50.3,0
20180915-RGN-POR-181,20180915-RGN-POR-921,22:28,22:48,Alexandra Linsley Long Batista,RGN,1st half,47.5,32.6,1,Megan Leigh Oyster,37.0,10.5,0
20180915-RGN-POR-182,20180915-RGN-POR-924,22:32,22:52,Megan Leigh Oyster,RGN,1st half,44.5,11.3,1,Alexandra Linsley Long Batista,43.9,20.1,0
20180915-RGN-POR-183,20180915-RGN-POR-928,22:35,22:55,Alexandra Linsley Long Batista,RGN,1st half,41.6,25.6,1,Lauren Kate Barnes,40.3,47.4,0
20180915-RGN-POR-184,20180915-RGN-POR-932,22:42,23:02,Lauren Kate Barnes,RGN,1st half,61.1,55.5,1,Jodie Lee Taylor,92.2,47.4,0
20180915-RGN-POR-185,20180915-RGN-POR-934,22:44,23:04,Jodie Lee Taylor,RGN,1st half,92.2,47.4,1,Jessica Anne Fishlock,86.1,48.4,0
20180915-RGN-POR-186,20180915-RGN-POR-941,22:48,23:08,Celeste Anais Boureille,POR,1st half,25.6,24.2,0,Theresa Eslund,38.0,68.0,0
20180915-RGN-POR-187,20180915-RGN-POR-943,23:12,23:32,Theresa Eslund,RGN,1st half,67.0,0.0,1,Rumi Utsugi,71.8,8.1,0
20180915-RGN-POR-188,20180915-RGN-POR-944,23:13,23:33,Rumi Utsugi,RGN,1st half,71.8,8.1,1,Jasmyne Spencer,88.6,9.1,0
20180915-RGN-POR-189,20180915-RGN-POR-956,23:24,23:44,Meghan Elizabeth Klingenberg,POR,1st half,14.1,63.2,1,Caitlin Jade Foord,59.8,8.6,0
20180915-RGN-POR-190,20180915-RGN-POR-964,23:27,23:47,Alexandra Linsley Long Batista,RGN,1st half,63.0,9.1,0,Christine Margaret Sinclair,64.7,9.8,0
20180915-RGN-POR-191,20180915-RGN-POR-972,24:02,24:22,Ellie Madison Carpenter,POR,1st half,10.9,7.4,0,Stephanie-Elise Catley,27.7,0.0,0
20180915-RGN-POR-192,20180915-RGN-POR-973,24:22,24:42,Stephanie-Elise Catley,RGN,1st half,77.3,68.0,1,Megan Anna Rapinoe,84.8,61.8,0
20180915-RGN-POR-193,20180915-RGN-POR-976,24:23,24:43,Megan Anna Rapinoe,RGN,1st half,84.8,61.8,0,Celeste Anais Boureille,78.8,63.9,0
20180915-RGN-POR-194,20180915-RGN-POR-979,24:25,24:45,Stephanie-Elise Catley,RGN,1st half,75.6,64.2,1,Megan Anna Rapinoe,83.6,60.3,0
20180915-RGN-POR-195,20180915-RGN-POR-992,24:56,25:16,Megan Anna Rapinoe,RGN,1st half,105.0,68.0,0,Adrianna Nichole Franch,102.1,32.8,0
20180915-RGN-POR-196,20180915-RGN-POR-996,25:05,25:25,Adrianna Nichole Franch,POR,1st half,8.6,30.2,0,Stephanie-Elise Catley,61.1,0.0,0
20180915-RGN-POR-197,20180915-RGN-POR-997,25:14,25:34,Stephanie-Elise Catley,RGN,1st half,43.9,68.0,1,Jessica Anne Fishlock,44.9,58.7,0
20180915-RGN-POR-198,20180915-RGN-POR-1001,25:18,25:38,Jessica Anne Fishlock,RGN,1st half,45.6,56.7,1,Rumi Utsugi,33.4,36.6,0
20180915-RGN-POR-199,20180915-RGN-POR-1003,25:21,25:41,Rumi Utsugi,RGN,1st half,32.3,34.2,1,Megan Leigh Oyster,31.1,19.9,0
20180915-RGN-POR-200,20180915-RGN-POR-1006,25:23,25:43,Megan Leigh Oyster,RGN,1st half,31.1,19.9,0,Meghan Elizabeth Klingenberg,53.5,0.0,0
20180915-RGN-POR-201,20180915-RGN-POR-1007,25:30,25:50,Meghan Elizabeth Klingenberg,POR,1st half,51.5,68.0,1,Lindsey Michelle Horan,56.3,62.7,0
20180915-RGN-POR-202,20180915-RGN-POR-1009,25:31,25:51,Lindsey Michelle Horan,POR,1st half,56.3,62.7,1,Meghan Elizabeth Klingenberg,50.8,67.8,0
20180915-RGN-POR-203,20180915-RGN-POR-1012,25:34,25:54,Meghan Elizabeth Klingenberg,POR,1st half,48.9,67.3,1,Lindsey Michelle Horan,48.9,61.5,0
20180915-RGN-POR-204,20180915-RGN-POR-1015,25:35,25:55,Lindsey Michelle Horan,POR,1st half,48.7,60.1,1,Celeste Anais Boureille,48.7,50.0,0
20180915-RGN-POR-205,20180915-RGN-POR-1019,25:38,25:58,Celeste Anais Boureille,POR,1st half,48.1,45.7,1,Emily Ann Sonnett,36.8,38.5,0
20180915-RGN-POR-206,20180915-RGN-POR-1021,25:42,26:02,Emily Ann Sonnett,POR,1st half,32.1,38.3,1,Adrianna Nichole Franch,14.1,35.7,0
20180915-RGN-POR-207,20180915-RGN-POR-1024,25:45,26:05,Adrianna Nichole Franch,POR,1st half,15.3,32.1,0,Stephanie-Elise Catley,50.4,0.0,0
20180915-RGN-POR-208,20180915-RGN-POR-1027,25:57,26:17,Stephanie-Elise Catley,RGN,1st half,54.6,68.0,1,Megan Anna Rapinoe,73.5,60.3,0
20180915-RGN-POR-209,20180915-RGN-POR-1029,26:00,26:20,Megan Anna Rapinoe,RGN,1st half,69.3,56.7,1,Rumi Utsugi,57.1,54.6,0
20180915-RGN-POR-210,20180915-RGN-POR-1033,26:03,26:23,Rumi Utsugi,RGN,1st half,57.1,59.1,1,Stephanie-Elise Catley,62.2,65.1,0
20180915-RGN-POR-211,20180915-RGN-POR-1036,26:04,26:24,Stephanie-Elise Catley,RGN,1st half,62.2,65.1,0,Margaret Purce,65.3,63.2,0
20180915-RGN-POR-212,20180915-RGN-POR-1039,26:05,26:25,Margaret Purce,POR,1st half,37.2,3.1,0,Stephanie-Elise Catley,46.8,0.0,0
20180915-RGN-POR-213,20180915-RGN-POR-1040,26:16,26:36,Stephanie-Elise Catley,RGN,1st half,58.2,68.0,1,Jessica Anne Fishlock,79.4,62.5,0
20180915-RGN-POR-214,20180915-RGN-POR-1043,26:22,26:42,Jessica Anne Fishlock,RGN,1st half,84.4,65.6,1,Megan Anna Rapinoe,80.0,59.6,0
20180915-RGN-POR-215,20180915-RGN-POR-1046,26:23,26:43,Megan Anna Rapinoe,RGN,1st half,80.0,59.6,1,Jessica Anne Fishlock,91.6,62.3,0
20180915-RGN-POR-216,20180915-RGN-POR-1064,28:42,29:02,Lindsey Michelle Horan,POR,1st half,41.4,41.2,1,Margaret Purce,68.9,8.9,0
20180915-RGN-POR-217,20180915-RGN-POR-1066,28:44,29:04,Margaret Purce,POR,1st half,68.9,8.9,0,Lydia Grace Yilkari Williams,100.4,31.6,0
20180915-RGN-POR-218,20180915-RGN-POR-1068,29:12,29:32,Lydia Grace Yilkari Williams,RGN,1st half,4.6,36.4,0,Margaret Purce,33.0,64.4,0
20180915-RGN-POR-219,20180915-RGN-POR-1084,29:19,29:39,Margaret Purce,POR,1st half,93.7,9.1,0,Lauren Kate Barnes,96.0,23.9,1
20180915-RGN-POR-220,20180915-RGN-POR-1087,29:20,29:40,Lauren Kate Barnes,RGN,1st half,9.0,44.1,1,Jessica Anne Fishlock,22.5,46.0,0
20180915-RGN-POR-221,20180915-RGN-POR-1093,29:25,29:45,Jessica Anne Fishlock,RGN,1st half,34.0,50.3,1,Jodie Lee Taylor,49.1,44.8,0
20180915-RGN-POR-222,20180915-RGN-POR-1113,29:38,29:58,Megan Leigh Oyster,RGN,1st half,36.5,20.6,1,Alexandra Linsley Long Batista,31.3,30.2,0
20180915-RGN-POR-223,20180915-RGN-POR-1116,29:40,30:00,Alexandra Linsley Long Batista,RGN,1st half,30.0,32.3,1,Rumi Utsugi,33.4,44.1,0
20180915-RGN-POR-224,20180915-RGN-POR-1118,29:42,30:02,Rumi Utsugi,RGN,1st half,33.6,43.6,1,Lauren Kate Barnes,26.2,46.5,0
20180915-RGN-POR-225,20180915-RGN-POR-1123,29:45,30:05,Lauren Kate Barnes,RGN,1st half,26.9,48.1,0,Celeste Anais Boureille,51.2,50.5,0
20180915-RGN-POR-226,20180915-RGN-POR-1127,29:46,30:06,Celeste Anais Boureille,POR,1st half,53.8,17.5,1,Margaret Purce,72.0,9.1,0
20180915-RGN-POR-227,20180915-RGN-POR-1137,29:50,30:10,Rumi Utsugi,RGN,1st half,39.1,52.0,1,Megan Anna Rapinoe,50.8,54.1,0
20180915-RGN-POR-228,20180915-RGN-POR-1140,29:51,30:11,Megan Anna Rapinoe,RGN,1st half,50.8,54.1,1,Jessica Anne Fishlock,48.5,49.6,0
20180915-RGN-POR-229,20180915-RGN-POR-1149,29:56,30:16,Jessica Anne Fishlock,RGN,1st half,62.6,52.4,1,Megan Anna Rapinoe,96.8,55.5,0
20180915-RGN-POR-230,20180915-RGN-POR-1154,30:04,30:24,Megan Anna Rapinoe,RGN,1st half,100.8,49.3,1,Jodie Lee Taylor,98.7,34.0,0
20180915-RGN-POR-231,20180915-RGN-POR-1175,30:17,30:37,Adrianna Nichole Franch,POR,1st half,7.3,39.7,1,Lindsey Michelle Horan,42.2,66.3,0
20180915-RGN-POR-232,20180915-RGN-POR-1177,30:22,30:42,Lindsey Michelle Horan,POR,1st half,44.1,63.9,0,Jasmyne Spencer,42.2,66.3,0
20180915-RGN-POR-233,20180915-RGN-POR-1185,30:29,30:49,Meghan Elizabeth Klingenberg,POR,1st half,34.2,68.0,1,Lindsey Michelle Horan,32.8,57.0,0
20180915-RGN-POR-234,20180915-RGN-POR-1187,30:31,30:51,Lindsey Michelle Horan,POR,1st half,32.1,58.9,0,Jessica Anne Fishlock,32.8,57.0,0
20180915-RGN-POR-235,20180915-RGN-POR-1192,30:33,30:53,Jessica Anne Fishlock,RGN,1st half,77.1,13.4,1,Jodie Lee Taylor,80.6,14.4,0
20180915-RGN-POR-236,20180915-RGN-POR-1195,30:36,30:56,Jodie Lee Taylor,RGN,1st half,79.8,18.9,1,Jessica Anne Fishlock,87.6,20.6,0
20180915-RGN-POR-237,20180915-RGN-POR-1197,30:37,30:57,Jessica Anne Fishlock,RGN,1st half,87.8,20.1,1,Jasmyne Spencer,91.8,7.9,0
20180915-RGN-POR-238,20180915-RGN-POR-1204,30:41,31:01,Jasmyne Spencer,RGN,1st half,97.9,8.9,0,Ellie Madison Carpenter,101.2,40.9,1
20180915-RGN-POR-239,20180915-RGN-POR-1209,31:14,31:34,Megan Anna Rapinoe,RGN,1st half,105.0,67.5,0,Adrianna Nichole Franch,102.3,33.0,0
20180915-RGN-POR-240,20180915-RGN-POR-1214,31:37,31:57,Theresa Eslund,RGN,1st half,91.1,0.0,1,Rumi Utsugi,81.5,8.6,0
20180915-RGN-POR-241,20180915-RGN-POR-1217,31:40,32:00,Rumi Utsugi,RGN,1st half,83.4,8.4,1,Theresa Eslund,84.6,1.2,0
20180915-RGN-POR-242,20180915-RGN-POR-1220,31:42,32:02,Theresa Eslund,RGN,1st half,85.1,1.2,1,Rumi Utsugi,77.1,3.8,0
20180915-RGN-POR-243,20180915-RGN-POR-1224,31:45,32:05,Rumi Utsugi,RGN,1st half,71.0,3.4,1,Megan Leigh Oyster,56.9,6.7,0
20180915-RGN-POR-244,20180915-RGN-POR-1226,31:48,32:08,Megan Leigh Oyster,RGN,1st half,56.1,12.7,1,Lauren Kate Barnes,48.5,32.1,0
20180915-RGN-POR-245,20180915-RGN-POR-1230,31:51,32:11,Lauren Kate Barnes,RGN,1st half,50.6,37.4,0,Emily Ann Sonnett,84.2,46.0,0
20180915-RGN-POR-246,20180915-RGN-POR-1245,32:41,33:01,Stephanie-Elise Catley,RGN,1st half,105.0,0.0,1,Alexandra Linsley Long Batista,100.8,34.2,0
20180915-RGN-POR-247,20180915-RGN-POR-1259,33:00,33:20,Emily Ann Sonnett,POR,1st half,9.7,40.2,1,Christine Margaret Sinclair,34.9,57.0,0
20180915-RGN-POR-248,20180915-RGN-POR-1274,33:11,33:31,Christine Margaret Sinclair,POR,1st half,84.2,35.9,1,Margaret Purce,96.0,13.2,0
20180915-RGN-POR-249,20180915-RGN-POR-1276,33:20,33:40,Margaret Purce,POR,1st half,98.3,12.9,0,null,null,null,1
20180915-RGN-POR-250,20180915-RGN-POR-1282,33:26,33:46,Tobin Powell Powell Heath,POR,1st half,98.7,58.9,1,Meghan Elizabeth Klingenberg,87.8,57.2,0
20180915-RGN-POR-251,20180915-RGN-POR-1288,33:29,33:49,Meghan Elizabeth Klingenberg,POR,1st half,88.0,57.0,1,Lindsey Michelle Horan,99.1,29.0,1
20180915-RGN-POR-252,20180915-RGN-POR-1300,34:03,34:23,Lydia Grace Yilkari Williams,RGN,1st half,5.0,39.0,1,Alexandra Linsley Long Batista,49.3,50.3,0
20180915-RGN-POR-253,20180915-RGN-POR-1308,34:07,34:27,Ellie Madison Carpenter,POR,1st half,49.8,11.7,0,Lauren Kate Barnes,81.9,20.8,0
20180915-RGN-POR-254,20180915-RGN-POR-1314,34:10,34:30,Lauren Kate Barnes,RGN,1st half,23.1,47.2,0,Christine Margaret Sinclair,29.6,51.7,0
20180915-RGN-POR-255,20180915-RGN-POR-1320,34:32,34:52,Stephanie-Elise Catley,RGN,1st half,4.4,68.0,1,Megan Anna Rapinoe,9.4,65.1,0
20180915-RGN-POR-256,20180915-RGN-POR-1321,34:35,34:55,Megan Anna Rapinoe,RGN,1st half,9.4,65.1,1,Stephanie-Elise Catley,4.8,64.4,0
20180915-RGN-POR-257,20180915-RGN-POR-1322,34:36,34:56,Stephanie-Elise Catley,RGN,1st half,4.8,64.4,1,Jodie Lee Taylor,38.4,66.1,0
20180915-RGN-POR-258,20180915-RGN-POR-1326,34:41,35:01,Jodie Lee Taylor,RGN,1st half,37.0,61.3,0,Meghan Elizabeth Klingenberg,56.3,22.5,0
20180915-RGN-POR-259,20180915-RGN-POR-1328,34:46,35:06,Meghan Elizabeth Klingenberg,POR,1st half,44.3,51.2,1,Emily Townsend Menges,30.5,47.2,0
20180915-RGN-POR-260,20180915-RGN-POR-1329,34:48,35:08,Emily Townsend Menges,POR,1st half,30.5,47.2,1,Meghan Elizabeth Klingenberg,97.7,37.1,0
20180915-RGN-POR-261,20180915-RGN-POR-1331,34:53,35:13,Meghan Elizabeth Klingenberg,POR,1st half,43.9,60.6,0,Lydia Grace Yilkari Williams,97.7,37.1,0
20180915-RGN-POR-262,20180915-RGN-POR-1334,35:13,35:33,Lydia Grace Yilkari Williams,RGN,1st half,14.1,31.4,1,Megan Anna Rapinoe,65.3,50.3,0
20180915-RGN-POR-263,20180915-RGN-POR-1336,35:17,35:37,Megan Anna Rapinoe,RGN,1st half,65.3,50.3,1,Jodie Lee Taylor,80.0,52.9,0
20180915-RGN-POR-264,20180915-RGN-POR-1350,35:39,35:59,Ellie Madison Carpenter,POR,1st half,7.8,0.0,0,Stephanie-Elise Catley,28.3,4.3,0
20180915-RGN-POR-265,20180915-RGN-POR-1351,35:41,36:01,Stephanie-Elise Catley,RGN,1st half,76.7,63.7,1,Alexandra Linsley Long Batista,71.8,61.5,0
20180915-RGN-POR-266,20180915-RGN-POR-1359,35:44,36:04,Alexandra Linsley Long Batista,RGN,1st half,69.3,59.1,1,Lauren Kate Barnes,39.1,56.0,0
20180915-RGN-POR-267,20180915-RGN-POR-1361,35:48,36:08,Lauren Kate Barnes,RGN,1st half,39.1,56.0,1,Lydia Grace Yilkari Williams,26.2,40.7,0
20180915-RGN-POR-268,20180915-RGN-POR-1364,35:50,36:10,Lydia Grace Yilkari Williams,RGN,1st half,26.2,41.2,1,Lauren Kate Barnes,30.0,55.8,0
20180915-RGN-POR-269,20180915-RGN-POR-1366,35:56,36:16,Lauren Kate Barnes,RGN,1st half,40.5,55.5,1,Jessica Anne Fishlock,67.6,52.0,0
20180915-RGN-POR-270,20180915-RGN-POR-1369,36:01,36:21,Jessica Anne Fishlock,RGN,1st half,55.7,47.4,1,Alexandra Linsley Long Batista,50.2,38.3,0
20180915-RGN-POR-271,20180915-RGN-POR-1373,36:03,36:23,Alexandra Linsley Long Batista,RGN,1st half,55.2,44.8,1,Rumi Utsugi,58.4,58.2,0
20180915-RGN-POR-272,20180915-RGN-POR-1375,36:05,36:25,Rumi Utsugi,RGN,1st half,60.3,56.0,1,Jasmyne Spencer,84.8,31.1,0
20180915-RGN-POR-273,20180915-RGN-POR-1379,36:07,36:27,Jasmyne Spencer,RGN,1st half,84.8,31.1,1,Theresa Eslund,95.1,15.6,0
20180915-RGN-POR-274,20180915-RGN-POR-1383,36:10,36:30,Theresa Eslund,RGN,1st half,95.1,15.6,1,Jasmyne Spencer,92.8,29.7,0
20180915-RGN-POR-275,20180915-RGN-POR-1386,36:13,36:33,Jasmyne Spencer,RGN,1st half,91.1,29.0,1,Alexandra Linsley Long Batista,82.5,22.5,0
20180915-RGN-POR-276,20180915-RGN-POR-1405,36:49,37:09,Megan Anna Rapinoe,RGN,1st half,105.0,68.0,1,Megan Leigh Oyster,101.8,34.0,0
20180915-RGN-POR-277,20180915-RGN-POR-1416,37:11,37:31,Adrianna Nichole Franch,POR,1st half,4.8,34.0,1,Lindsey Michelle Horan,48.7,61.1,0
20180915-RGN-POR-278,20180915-RGN-POR-1424,37:14,37:34,Tobin Powell Powell Heath,POR,1st half,55.0,66.3,1,Meghan Elizabeth Klingenberg,48.1,66.6,0
20180915-RGN-POR-279,20180915-RGN-POR-1430,37:18,37:38,Meghan Elizabeth Klingenberg,POR,1st half,46.2,67.0,1,Emily Townsend Menges,58.8,60.3,0
20180915-RGN-POR-280,20180915-RGN-POR-1433,37:19,37:39,Emily Townsend Menges,POR,1st half,33.8,65.6,0,Alexandra Linsley Long Batista,58.8,60.3,0
20180915-RGN-POR-281,20180915-RGN-POR-1439,37:23,37:43,Lauren Kate Barnes,RGN,1st half,34.2,17.2,1,Rumi Utsugi,46.8,22.0,0
20180915-RGN-POR-282,20180915-RGN-POR-1442,37:27,37:47,Rumi Utsugi,RGN,1st half,51.0,21.3,1,Theresa Eslund,56.1,4.8,0
20180915-RGN-POR-283,20180915-RGN-POR-1444,37:30,37:50,Theresa Eslund,RGN,1st half,55.7,6.7,1,Alexandra Linsley Long Batista,47.7,14.6,0
20180915-RGN-POR-284,20180915-RGN-POR-1447,37:32,37:52,Alexandra Linsley Long Batista,RGN,1st half,47.9,16.8,1,Rumi Utsugi,50.2,36.6,0
20180915-RGN-POR-285,20180915-RGN-POR-1450,37:35,37:55,Rumi Utsugi,RGN,1st half,50.2,38.5,1,Lauren Kate Barnes,46.6,53.6,0
20180915-RGN-POR-286,20180915-RGN-POR-1454,37:38,37:58,Lauren Kate Barnes,RGN,1st half,55.4,59.1,1,Jessica Anne Fishlock,65.3,50.0,0
20180915-RGN-POR-287,20180915-RGN-POR-1461,37:43,38:03,Jessica Anne Fishlock,RGN,1st half,74.3,61.3,1,Stephanie-Elise Catley,89.7,65.8,0
20180915-RGN-POR-288,20180915-RGN-POR-1464,37:45,38:05,Stephanie-Elise Catley,RGN,1st half,87.6,65.6,1,Jessica Anne Fishlock,75.6,62.0,0
20180915-RGN-POR-289,20180915-RGN-POR-1468,37:49,38:09,Jessica Anne Fishlock,RGN,1st half,72.7,59.1,0,Emily Townsend Menges,89.2,35.2,0
20180915-RGN-POR-290,20180915-RGN-POR-1477,37:53,38:13,Jasmyne Spencer,RGN,1st half,87.6,20.6,1,Theresa Eslund,93.9,14.8,0
20180915-RGN-POR-291,20180915-RGN-POR-1478,37:54,38:14,Theresa Eslund,RGN,1st half,93.9,14.8,1,Megan Anna Rapinoe,0.0,0.0,1
20180915-RGN-POR-292,20180915-RGN-POR-1495,37:59,38:19,Ellie Madison Carpenter,POR,1st half,1.0,18.9,0,Jessica Anne Fishlock,27.9,14.4,0
20180915-RGN-POR-293,20180915-RGN-POR-1501,38:03,38:23,Jessica Anne Fishlock,RGN,1st half,76.7,67.0,0,Ellie Madison Carpenter,41.6,60.8,0
20180915-RGN-POR-294,20180915-RGN-POR-1503,38:34,38:54,Ellie Madison Carpenter,POR,1st half,39.9,0.0,0,Rumi Utsugi,63.4,7.2,0
20180915-RGN-POR-295,20180915-RGN-POR-1505,38:36,38:56,Rumi Utsugi,RGN,1st half,41.6,60.8,1,Jessica Anne Fishlock,48.7,57.7,0
20180915-RGN-POR-296,20180915-RGN-POR-1508,38:37,38:57,Jessica Anne Fishlock,RGN,1st half,48.7,57.7,1,Jodie Lee Taylor,56.7,62.7,0
20180915-RGN-POR-297,20180915-RGN-POR-1510,38:39,38:59,Jodie Lee Taylor,RGN,1st half,56.7,62.7,0,Ellie Madison Carpenter,29.8,63.2,0
20180915-RGN-POR-298,20180915-RGN-POR-1512,38:44,39:04,Ellie Madison Carpenter,POR,1st half,55.0,0.0,0,Stephanie-Elise Catley,75.2,4.8,0
20180915-RGN-POR-299,20180915-RGN-POR-1515,38:45,39:05,Stephanie-Elise Catley,RGN,1st half,29.8,63.2,1,Alexandra Linsley Long Batista,30.2,55.3,0
20180915-RGN-POR-300,20180915-RGN-POR-1518,38:46,39:06,Alexandra Linsley Long Batista,RGN,1st half,30.2,55.3,1,Megan Anna Rapinoe,40.5,58.4,0
20180915-RGN-POR-301,20180915-RGN-POR-1525,38:48,39:08,Megan Anna Rapinoe,RGN,1st half,40.5,58.4,1,Jasmyne Spencer,35.3,39.0,0
20180915-RGN-POR-302,20180915-RGN-POR-1529,38:51,39:11,Jasmyne Spencer,RGN,1st half,38.2,31.6,1,Theresa Eslund,34.0,11.3,0
20180915-RGN-POR-303,20180915-RGN-POR-1531,38:54,39:14,Theresa Eslund,RGN,1st half,33.6,12.9,1,Alexandra Linsley Long Batista,32.3,21.5,0
20180915-RGN-POR-304,20180915-RGN-POR-1535,38:56,39:16,Alexandra Linsley Long Batista,RGN,1st half,35.3,22.3,0,Celeste Anais Boureille,44.7,30.2,0
20180915-RGN-POR-305,20180915-RGN-POR-1546,39:48,40:08,Tobin Powell Powell Heath,POR,1st half,73.1,22.0,1,Emily Ann Sonnett,95.8,36.6,0
20180915-RGN-POR-306,20180915-RGN-POR-1560,39:54,40:14,Margaret Purce,POR,1st half,92.0,51.5,0,Lydia Grace Yilkari Williams,101.2,38.8,0
20180915-RGN-POR-307,20180915-RGN-POR-1568,41:21,41:41,Lydia Grace Yilkari Williams,RGN,1st half,6.9,29.7,1,Jessica Anne Fishlock,48.5,29.2,0
20180915-RGN-POR-308,20180915-RGN-POR-1571,41:24,41:44,Celeste Anais Boureille,POR,1st half,56.5,38.8,1,Caitlin Jade Foord,71.0,32.3,0
20180915-RGN-POR-309,20180915-RGN-POR-1578,41:27,41:47,Caitlin Jade Foord,POR,1st half,72.7,28.7,1,Margaret Purce,72.4,18.0,0
20180915-RGN-POR-310,20180915-RGN-POR-1588,41:32,41:52,Margaret Purce,POR,1st half,70.3,16.5,1,Christine Margaret Sinclair,76.4,22.5,0
20180915-RGN-POR-311,20180915-RGN-POR-1594,41:34,41:54,Christine Margaret Sinclair,POR,1st half,78.5,24.4,1,Margaret Purce,91.6,13.2,0
20180915-RGN-POR-312,20180915-RGN-POR-1600,41:37,41:57,Margaret Purce,POR,1st half,98.9,9.6,0,Megan Leigh Oyster,97.7,52.7,1
20180915-RGN-POR-313,20180915-RGN-POR-1603,41:45,42:05,Lindsey Michelle Horan,POR,1st half,92.0,66.1,1,Celeste Anais Boureille,81.5,50.0,0
20180915-RGN-POR-314,20180915-RGN-POR-1608,41:47,42:07,Celeste Anais Boureille,POR,1st half,85.5,51.2,1,Tobin Powell Powell Heath,97.7,52.7,0
20180915-RGN-POR-315,20180915-RGN-POR-1614,41:51,42:11,Jasmyne Spencer,RGN,1st half,9.7,15.6,0,Emily Townsend Menges,51.0,2.9,0
20180915-RGN-POR-316,20180915-RGN-POR-1619,41:56,42:16,Emily Townsend Menges,POR,1st half,54.0,65.1,1,Meghan Elizabeth Klingenberg,56.9,58.2,0
20180915-RGN-POR-317,20180915-RGN-POR-1623,42:00,42:20,Meghan Elizabeth Klingenberg,POR,1st half,65.1,54.6,1,Lindsey Michelle Horan,63.4,62.3,0
20180915-RGN-POR-318,20180915-RGN-POR-1624,42:02,42:22,Lindsey Michelle Horan,POR,1st half,63.4,62.3,1,Tobin Powell Powell Heath,73.9,67.0,0
20180915-RGN-POR-319,20180915-RGN-POR-1627,42:07,42:27,Tobin Powell Powell Heath,POR,1st half,78.5,66.8,1,Lindsey Michelle Horan,70.8,63.5,0
20180915-RGN-POR-320,20180915-RGN-POR-1632,42:09,42:29,Lindsey Michelle Horan,POR,1st half,72.7,59.9,0,Lydia Grace Yilkari Williams,101.2,34.2,0
20180915-RGN-POR-321,20180915-RGN-POR-1636,42:23,42:43,Lydia Grace Yilkari Williams,RGN,1st half,14.9,35.9,1,Megan Anna Rapinoe,63.2,61.1,0
20180915-RGN-POR-322,20180915-RGN-POR-1644,42:28,43:18,Lindsey Michelle Horan,POR,1st half,85.9,37.1,1,Tobin Powell Powell Heath,100.8,41.7,0
20180915-RGN-POR-323,20180915-RGN-POR-1648,42:34,42:54,Ellie Madison Carpenter,POR,1st half,36.5,0.0,1,Christine Margaret Sinclair,59.4,9.6,0
20180915-RGN-POR-324,20180915-RGN-POR-1649,42:34,42:54,Christine Margaret Sinclair,POR,1st half,59.4,9.6,1,Caitlin Jade Foord,67.6,15.8,0
20180915-RGN-POR-325,20180915-RGN-POR-1658,42:39,42:59,Caitlin Jade Foord,POR,1st half,62.6,21.1,1,Lindsey Michelle Horan,71.6,38.5,0
20180915-RGN-POR-326,20180915-RGN-POR-1675,44:02,44:22,Stephanie-Elise Catley,RGN,1st half,97.0,68.0,1,Jodie Lee Taylor,96.0,55.3,0
20180915-RGN-POR-327,20180915-RGN-POR-1678,44:03,44:23,Jodie Lee Taylor,RGN,1st half,102.5,56.7,0,Celeste Anais Boureille,96.0,55.3,0
20180915-RGN-POR-328,20180915-RGN-POR-1679,44:04,44:24,Celeste Anais Boureille,POR,1st half,9.0,12.7,1,Ellie Madison Carpenter,4.0,8.4,0
20180915-RGN-POR-329,20180915-RGN-POR-1682,44:05,44:25,Ellie Madison Carpenter,POR,1st half,4.0,8.4,1,Caitlin Jade Foord,25.4,15.6,0
20180915-RGN-POR-330,20180915-RGN-POR-1687,44:36,44:56,Adrianna Nichole Franch,POR,1st half,25.8,17.7,1,Tobin Powell Powell Heath,90.5,38.3,0
20180915-RGN-POR-331,20180915-RGN-POR-1691,44:41,45:01,Tobin Powell Powell Heath,POR,1st half,86.3,48.1,0,Megan Leigh Oyster,90.5,38.3,0
20180915-RGN-POR-332,20180915-RGN-POR-1694,44:44,45:04,Megan Leigh Oyster,RGN,1st half,19.3,27.8,1,Jodie Lee Taylor,44.7,31.4,0
20180915-RGN-POR-333,20180915-RGN-POR-1707,44:50,45:10,Lindsey Michelle Horan,POR,1st half,72.0,12.0,1,Caitlin Jade Foord,82.5,14.4,0
20180915-RGN-POR-334,20180915-RGN-POR-1732,45:07,45:27,Margaret Purce,POR,1st half,97.7,12.2,0,Theresa Eslund,97.0,68.0,1
20180915-RGN-POR-335,20180915-RGN-POR-1733,45:35,45:55,Theresa Eslund,RGN,1st half,8.0,0.0,1,Jasmyne Spencer,17.4,1.4,0
20180915-RGN-POR-336,20180915-RGN-POR-1737,45:36,45:56,Tobin Powell Powell Heath,POR,1st half,87.6,66.6,1,Caitlin Jade Foord,96.6,58.2,0
20180915-RGN-POR-337,20180915-RGN-POR-1749,45:43,46:03,Megan Leigh Oyster,RGN,1st half,13.9,5.0,0,Emily Townsend Menges,47.0,0.2,0
20180915-RGN-POR-338,20180915-RGN-POR-1753,45:46,46:06,Emily Townsend Menges,POR,1st half,58.0,67.8,1,Meghan Elizabeth Klingenberg,68.9,67.3,0
20180915-RGN-POR-339,20180915-RGN-POR-1755,45:47,46:07,Meghan Elizabeth Klingenberg,POR,1st half,68.9,67.3,1,Celeste Anais Boureille,68.9,61.1,0
20180915-RGN-POR-340,20180915-RGN-POR-1757,45:48,46:08,Celeste Anais Boureille,POR,1st half,68.9,61.1,0,Jasmyne Spencer,68.5,64.9,0
20180915-RGN-POR-341,20180915-RGN-POR-1761,46:02,46:22,Theresa Eslund,RGN,1st half,33.6,0.0,1,Jasmyne Spencer,47.9,3.1,0
20180915-RGN-POR-342,20180915-RGN-POR-1768,46:05,46:25,Celeste Anais Boureille,POR,1st half,60.7,62.7,1,Tobin Powell Powell Heath,72.0,66.3,0
20180915-RGN-POR-343,20180915-RGN-POR-1776,46:18,46:38,Meghan Elizabeth Klingenberg,POR,1st half,69.1,68.0,1,Christine Margaret Sinclair,74.8,62.7,0
20180915-RGN-POR-344,20180915-RGN-POR-1779,46:19,46:39,Christine Margaret Sinclair,POR,1st half,71.8,63.5,1,Meghan Elizabeth Klingenberg,68.2,67.3,0
20180915-RGN-POR-345,20180915-RGN-POR-1781,46:20,46:40,Meghan Elizabeth Klingenberg,POR,1st half,68.2,67.3,0,Alexandra Linsley Long Batista,71.4,64.2,0
20180915-RGN-POR-346,20180915-RGN-POR-1787,46:23,46:43,Meghan Elizabeth Klingenberg,POR,1st half,73.7,65.6,1,Christine Margaret Sinclair,77.3,60.1,0
20180915-RGN-POR-347,20180915-RGN-POR-1791,46:25,46:45,Christine Margaret Sinclair,POR,1st half,76.0,59.1,1,Lindsey Michelle Horan,67.8,53.6,0
20180915-RGN-POR-348,20180915-RGN-POR-1793,46:27,46:47,Lindsey Michelle Horan,POR,1st half,67.8,50.8,1,Ellie Madison Carpenter,72.4,15.3,0
20180915-RGN-POR-349,20180915-RGN-POR-1803,46:48,47:08,Lydia Grace Yilkari Williams,RGN,1st half,15.8,35.2,1,Megan Anna Rapinoe,54.0,57.2,0
20180915-RGN-POR-350,20180915-RGN-POR-1804,46:51,47:11,Megan Anna Rapinoe,RGN,1st half,54.0,57.2,1,Jessica Anne Fishlock,62.4,50.8,0
20180915-RGN-POR-351,20180915-RGN-POR-1808,46:53,47:13,Celeste Anais Boureille,POR,1st half,42.6,17.2,1,Emily Ann Sonnett,72.0,18.9,0
20180915-RGN-POR-352,20180915-RGN-POR-1814,45:00,45:18,Emily Ann Sonnett,POR,2nd half,32.6,22.3,0,Lauren Kate Barnes,72.0,18.9,0
20180915-RGN-POR-353,20180915-RGN-POR-1815,45:00,45:14,Caitlin Jade Foord,POR,2nd half,52.5,33.8,1,Lindsey Michelle Horan,39.1,36.4,0
20180915-RGN-POR-354,20180915-RGN-POR-1816,45:00,45:15,Lindsey Michelle Horan,POR,2nd half,39.1,36.4,1,Ellie Madison Carpenter,49.6,6.9,0
20180915-RGN-POR-355,20180915-RGN-POR-1818,45:01,45:21,Lauren Kate Barnes,RGN,2nd half,33.0,49.1,1,Megan Anna Rapinoe,46.6,59.6,0
20180915-RGN-POR-356,20180915-RGN-POR-1820,45:03,45:23,Megan Anna Rapinoe,RGN,2nd half,46.6,59.6,0,Ellie Madison Carpenter,55.4,61.1,0
20180915-RGN-POR-357,20180915-RGN-POR-1825,45:04,45:24,Ellie Madison Carpenter,POR,2nd half,49.6,6.9,0,Megan Anna Rapinoe,52.1,3.6,0
20180915-RGN-POR-358,20180915-RGN-POR-1831,45:06,45:26,Megan Anna Rapinoe,RGN,2nd half,52.9,64.4,1,Jessica Anne Fishlock,58.2,60.3,0
20180915-RGN-POR-359,20180915-RGN-POR-1832,45:06,45:26,Jessica Anne Fishlock,RGN,2nd half,58.2,60.3,0,Ellie Madison Carpenter,71.4,66.1,0
20180915-RGN-POR-360,20180915-RGN-POR-1836,45:09,45:29,Ellie Madison Carpenter,POR,2nd half,33.6,1.9,1,Emily Ann Sonnett,16.2,3.8,0
20180915-RGN-POR-361,20180915-RGN-POR-1838,45:12,45:32,Emily Ann Sonnett,POR,2nd half,16.2,3.8,0,Rumi Utsugi,47.7,5.0,0
20180915-RGN-POR-362,20180915-RGN-POR-1842,45:14,45:34,Rumi Utsugi,RGN,2nd half,57.3,63.0,1,Alexandra Linsley Long Batista,54.2,40.5,0
20180915-RGN-POR-363,20180915-RGN-POR-1847,45:19,45:39,Alexandra Linsley Long Batista,RGN,2nd half,48.1,42.6,1,Megan Leigh Oyster,30.7,35.9,0
20180915-RGN-POR-364,20180915-RGN-POR-1849,45:21,45:41,Megan Leigh Oyster,RGN,2nd half,30.7,35.9,1,Lauren Kate Barnes,27.9,55.3,0
20180915-RGN-POR-365,20180915-RGN-POR-1852,45:24,45:44,Lauren Kate Barnes,RGN,2nd half,32.5,57.9,1,Megan Anna Rapinoe,58.2,61.1,0
20180915-RGN-POR-366,20180915-RGN-POR-1854,45:27,45:47,Megan Anna Rapinoe,RGN,2nd half,55.7,59.1,1,Rumi Utsugi,47.0,58.2,0
20180915-RGN-POR-367,20180915-RGN-POR-1856,45:28,45:48,Rumi Utsugi,RGN,2nd half,47.0,58.2,0,Emily Townsend Menges,94.7,50.0,0
20180915-RGN-POR-368,20180915-RGN-POR-1864,46:01,46:21,Megan Anna Rapinoe,RGN,2nd half,105.0,68.0,1,Alexandra Linsley Long Batista,102.3,28.5,0
20180915-RGN-POR-369,20180915-RGN-POR-1871,46:26,46:46,Adrianna Nichole Franch,POR,2nd half,5.0,39.7,0,Megan Leigh Oyster,71.4,51.7,0
20180915-RGN-POR-370,20180915-RGN-POR-1874,46:31,46:51,Megan Leigh Oyster,RGN,2nd half,33.6,16.3,1,Rumi Utsugi,40.3,20.4,0
20180915-RGN-POR-371,20180915-RGN-POR-1881,47:29,47:49,Tobin Powell Powell Heath,POR,2nd half,73.1,57.9,1,Emily Ann Sonnett,94.7,35.4,0
20180915-RGN-POR-372,20180915-RGN-POR-1886,47:31,47:51,Emily Ann Sonnett,POR,2nd half,94.7,35.4,0,Lydia Grace Yilkari Williams,99.8,32.6,0
20180915-RGN-POR-373,20180915-RGN-POR-1889,47:52,48:12,Lydia Grace Yilkari Williams,RGN,2nd half,5.2,35.4,1,Theresa Eslund,35.3,6.5,0
20180915-RGN-POR-374,20180915-RGN-POR-1897,48:00,48:20,Meghan Elizabeth Klingenberg,POR,2nd half,62.6,68.0,0,Megan Leigh Oyster,84.8,65.8,0
20180915-RGN-POR-375,20180915-RGN-POR-1899,48:02,48:22,Megan Leigh Oyster,RGN,2nd half,20.2,2.2,0,Celeste Anais Boureille,43.3,13.2,0
20180915-RGN-POR-376,20180915-RGN-POR-1906,48:04,48:24,Celeste Anais Boureille,POR,2nd half,61.7,54.8,1,Lindsey Michelle Horan,64.5,60.1,0
20180915-RGN-POR-377,20180915-RGN-POR-1908,48:06,48:26,Lindsey Michelle Horan,POR,2nd half,64.7,59.9,1,Meghan Elizabeth Klingenberg,64.3,66.1,0
20180915-RGN-POR-378,20180915-RGN-POR-1911,48:08,48:28,Meghan Elizabeth Klingenberg,POR,2nd half,70.1,65.8,0,Alexandra Linsley Long Batista,75.2,61.3,0
20180915-RGN-POR-379,20180915-RGN-POR-1916,48:10,48:30,Alexandra Linsley Long Batista,RGN,2nd half,30.2,1.9,0,Celeste Anais Boureille,40.7,8.6,0
20180915-RGN-POR-380,20180915-RGN-POR-1924,48:14,48:34,Christine Margaret Sinclair,POR,2nd half,69.5,63.2,1,Tobin Powell Powell Heath,80.6,63.7,0
20180915-RGN-POR-381,20180915-RGN-POR-1929,48:37,48:57,Tobin Powell Powell Heath,POR,2nd half,77.1,61.5,1,Emily Ann Sonnett,89.9,36.9,0
20180915-RGN-POR-382,20180915-RGN-POR-1939,48:59,49:19,Lydia Grace Yilkari Williams,RGN,2nd half,5.0,32.8,0,Lindsey Michelle Horan,43.0,15.6,0
20180915-RGN-POR-383,20180915-RGN-POR-1943,49:01,49:21,Lindsey Michelle Horan,POR,2nd half,62.0,52.4,1,Tobin Powell Powell Heath,74.1,54.1,0
20180915-RGN-POR-384,20180915-RGN-POR-1945,49:03,49:23,Tobin Powell Powell Heath,POR,2nd half,74.1,54.1,0,Theresa Eslund,82.3,68.0,0
20180915-RGN-POR-385,20180915-RGN-POR-1946,49:14,49:34,Theresa Eslund,RGN,2nd half,22.7,0.0,1,Jodie Lee Taylor,46.4,7.9,0
20180915-RGN-POR-386,20180915-RGN-POR-1950,49:17,49:37,Jodie Lee Taylor,RGN,2nd half,47.0,7.7,1,Jasmyne Spencer,46.6,3.1,0
20180915-RGN-POR-387,20180915-RGN-POR-1962,50:26,50:46,Megan Anna Rapinoe,RGN,2nd half,76.7,7.4,0,Emily Townsend Menges,94.7,25.1,0
20180915-RGN-POR-388,20180915-RGN-POR-1967,50:54,51:14,Stephanie-Elise Catley,RGN,2nd half,105.0,0.0,0,Adrianna Nichole Franch,102.1,34.7,0
20180915-RGN-POR-389,20180915-RGN-POR-1975,51:04,51:24,Adrianna Nichole Franch,POR,2nd half,11.6,34.7,0,Lauren Kate Barnes,67.0,41.7,0
20180915-RGN-POR-390,20180915-RGN-POR-1977,51:07,51:27,Lauren Kate Barnes,RGN,2nd half,38.0,26.3,1,Jasmyne Spencer,60.5,18.7,0
20180915-RGN-POR-391,20180915-RGN-POR-1979,51:09,51:29,Jasmyne Spencer,RGN,2nd half,60.5,18.7,1,Jodie Lee Taylor,70.8,23.2,0
20180915-RGN-POR-392,20180915-RGN-POR-1982,51:11,51:31,Jodie Lee Taylor,RGN,2nd half,70.8,23.2,0,Emily Ann Sonnett,73.3,33.0,0
20180915-RGN-POR-393,20180915-RGN-POR-1984,51:12,51:32,Emily Ann Sonnett,POR,2nd half,31.7,35.0,1,Ellie Madison Carpenter,30.4,21.5,0
20180915-RGN-POR-394,20180915-RGN-POR-2000,51:54,52:14,Stephanie-Elise Catley,RGN,2nd half,105.0,0.0,1,Megan Anna Rapinoe,100.0,36.6,0
20180915-RGN-POR-395,20180915-RGN-POR-2006,52:27,52:47,Megan Anna Rapinoe,RGN,2nd half,105.0,68.0,0,Tobin Powell Powell Heath,91.3,48.4,0
20180915-RGN-POR-396,20180915-RGN-POR-2017,52:35,52:55,Tobin Powell Powell Heath,POR,2nd half,44.5,16.8,0,Lauren Kate Barnes,69.9,28.3,0
20180915-RGN-POR-397,20180915-RGN-POR-2021,52:38,52:58,Lauren Kate Barnes,RGN,2nd half,36.5,41.9,0,Meghan Elizabeth Klingenberg,70.1,55.5,0
20180915-RGN-POR-398,20180915-RGN-POR-2024,52:41,53:01,Meghan Elizabeth Klingenberg,POR,2nd half,34.9,12.5,1,Ana Maria Crnogorcevic,44.3,14.8,0
20180915-RGN-POR-399,20180915-RGN-POR-2028,52:43,53:03,Ana Maria Crnogorcevic,POR,2nd half,43.7,15.8,1,Celeste Anais Boureille,42.6,22.5,0
20180915-RGN-POR-400,20180915-RGN-POR-2030,52:45,53:05,Celeste Anais Boureille,POR,2nd half,44.5,24.7,1,Lindsey Michelle Horan,46.2,49.1,0
20180915-RGN-POR-401,20180915-RGN-POR-2034,52:49,53:09,Lindsey Michelle Horan,POR,2nd half,45.8,46.0,1,Ana Maria Crnogorcevic,58.2,0.5,0
20180915-RGN-POR-402,20180915-RGN-POR-2038,52:58,53:18,Ana Maria Crnogorcevic,POR,2nd half,76.9,5.3,1,Ellie Madison Carpenter,94.3,4.1,0
20180915-RGN-POR-403,20180915-RGN-POR-2046,53:34,53:54,Tobin Powell Powell Heath,POR,2nd half,105.0,0.0,1,Celeste Anais Boureille,102.3,26.3,0
20180915-RGN-POR-404,20180915-RGN-POR-2051,53:37,53:57,Jodie Lee Taylor,RGN,2nd half,2.5,41.4,1,Jasmyne Spencer,11.6,52.4,0
20180915-RGN-POR-405,20180915-RGN-POR-2055,53:40,54:00,Jasmyne Spencer,RGN,2nd half,9.9,53.4,0,Meghan Elizabeth Klingenberg,11.3,53.6,0
20180915-RGN-POR-406,20180915-RGN-POR-2059,53:42,54:02,Meghan Elizabeth Klingenberg,POR,2nd half,100.2,5.3,1,Tobin Powell Powell Heath,93.2,4.5,0
20180915-RGN-POR-407,20180915-RGN-POR-2067,54:47,55:07,Tobin Powell Powell Heath,POR,2nd half,89.2,6.0,1,Lindsey Michelle Horan,97.9,31.6,0
20180915-RGN-POR-408,20180915-RGN-POR-2074,55:10,55:30,Lydia Grace Yilkari Williams,RGN,2nd half,6.9,36.6,1,Megan Anna Rapinoe,47.5,55.1,0
20180915-RGN-POR-409,20180915-RGN-POR-2082,55:13,55:33,Celeste Anais Boureille,POR,2nd half,57.5,12.9,1,Ana Maria Crnogorcevic,61.3,0.5,0
20180915-RGN-POR-410,20180915-RGN-POR-2085,55:17,55:37,Ana Maria Crnogorcevic,POR,2nd half,63.4,3.1,0,Rumi Utsugi,69.5,10.3,0
20180915-RGN-POR-411,20180915-RGN-POR-2088,55:19,55:39,Rumi Utsugi,RGN,2nd half,35.5,57.7,1,Megan Anna Rapinoe,44.7,64.2,0
20180915-RGN-POR-412,20180915-RGN-POR-2100,56:00,56:20,Lauren Kate Barnes,RGN,2nd half,54.8,65.6,1,Jessica Anne Fishlock,79.4,50.5,0
20180915-RGN-POR-413,20180915-RGN-POR-2101,56:02,56:22,Jessica Anne Fishlock,RGN,2nd half,79.4,50.5,1,Megan Anna Rapinoe,84.0,53.4,0
20180915-RGN-POR-414,20180915-RGN-POR-2117,56:07,56:27,Lindsey Michelle Horan,POR,2nd half,19.3,23.2,1,Christine Margaret Sinclair,29.8,28.7,0
20180915-RGN-POR-415,20180915-RGN-POR-2132,57:09,57:29,Adrianna Nichole Franch,POR,2nd half,3.6,39.7,1,Emily Townsend Menges,10.5,61.5,0
20180915-RGN-POR-416,20180915-RGN-POR-2133,57:11,57:31,Emily Townsend Menges,POR,2nd half,10.5,61.5,1,Meghan Elizabeth Klingenberg,39.5,67.0,0
20180915-RGN-POR-417,20180915-RGN-POR-2141,57:16,57:36,Jasmyne Spencer,RGN,2nd half,61.3,4.5,1,Alexandra Linsley Long Batista,57.5,12.7,0
20180915-RGN-POR-418,20180915-RGN-POR-2143,57:18,57:38,Alexandra Linsley Long Batista,RGN,2nd half,58.0,16.0,1,Rumi Utsugi,68.5,27.1,0
20180915-RGN-POR-419,20180915-RGN-POR-2146,57:21,57:41,Rumi Utsugi,RGN,2nd half,70.3,30.2,0,Ellie Madison Carpenter,82.7,45.0,0
20180915-RGN-POR-420,20180915-RGN-POR-2154,57:27,57:47,Ellie Madison Carpenter,POR,2nd half,40.3,9.8,1,Caitlin Jade Foord,60.9,14.8,0
20180915-RGN-POR-421,20180915-RGN-POR-2164,57:56,58:16,Emily Ann Sonnett,POR,2nd half,61.1,15.3,1,Lindsey Michelle Horan,95.8,35.0,0
20180915-RGN-POR-422,20180915-RGN-POR-2171,58:00,58:20,Tobin Powell Powell Heath,POR,2nd half,91.1,30.4,0,Rumi Utsugi,91.1,30.4,0
20180915-RGN-POR-423,20180915-RGN-POR-2179,58:03,58:23,Megan Anna Rapinoe,RGN,2nd half,14.5,50.8,1,Theresa Eslund,6.5,53.9,0
20180915-RGN-POR-424,20180915-RGN-POR-2184,58:04,58:24,Theresa Eslund,RGN,2nd half,6.5,53.9,0,Celeste Anais Boureille,37.2,55.1,0
20180915-RGN-POR-425,20180915-RGN-POR-2188,58:07,58:27,Celeste Anais Boureille,POR,2nd half,70.3,10.3,1,Ana Maria Crnogorcevic,84.2,11.3,0
20180915-RGN-POR-426,20180915-RGN-POR-2196,58:12,58:32,Lauren Kate Barnes,RGN,2nd half,8.4,52.4,0,Celeste Anais Boureille,41.4,59.6,0
20180915-RGN-POR-427,20180915-RGN-POR-2200,58:14,58:34,Celeste Anais Boureille,POR,2nd half,63.6,8.4,0,Rumi Utsugi,74.8,13.9,0
20180915-RGN-POR-428,20180915-RGN-POR-2210,58:18,58:38,Stephanie-Elise Catley,RGN,2nd half,28.6,61.5,1,Megan Anna Rapinoe,35.3,62.5,0
20180915-RGN-POR-429,20180915-RGN-POR-2214,58:22,58:42,Megan Anna Rapinoe,RGN,2nd half,29.0,52.0,1,Theresa Eslund,33.0,20.1,0
20180915-RGN-POR-430,20180915-RGN-POR-2217,58:32,58:52,Theresa Eslund,RGN,2nd half,68.7,2.6,1,Jasmyne Spencer,81.9,2.9,0
20180915-RGN-POR-431,20180915-RGN-POR-2224,58:39,58:59,Theresa Eslund,RGN,2nd half,79.4,0.0,0,Emily Townsend Menges,96.0,9.1,0
20180915-RGN-POR-432,20180915-RGN-POR-2227,58:44,59:04,Emily Townsend Menges,POR,2nd half,12.6,64.2,1,Christine Margaret Sinclair,15.1,65.6,0
20180915-RGN-POR-433,20180915-RGN-POR-2228,58:48,59:08,Christine Margaret Sinclair,POR,2nd half,15.1,65.6,1,Meghan Elizabeth Klingenberg,5.7,66.3,0
20180915-RGN-POR-434,20180915-RGN-POR-2229,58:49,59:09,Meghan Elizabeth Klingenberg,POR,2nd half,5.7,66.3,0,Megan Leigh Oyster,34.7,62.7,0
20180915-RGN-POR-435,20180915-RGN-POR-2239,58:54,59:14,Megan Leigh Oyster,RGN,2nd half,81.5,9.6,0,Meghan Elizabeth Klingenberg,94.1,7.9,0
20180915-RGN-POR-436,20180915-RGN-POR-2241,58:55,59:15,Meghan Elizabeth Klingenberg,POR,2nd half,10.9,60.1,0,Megan Leigh Oyster,16.8,60.3,0
20180915-RGN-POR-437,20180915-RGN-POR-2251,60:11,60:31,Adrianna Nichole Franch,POR,2nd half,10.9,58.7,1,Lindsey Michelle Horan,65.3,51.0,0
20180915-RGN-POR-438,20180915-RGN-POR-2256,60:14,60:34,Alexandra Linsley Long Batista,RGN,2nd half,39.7,17.0,1,Megan Anna Rapinoe,49.6,23.5,0
20180915-RGN-POR-439,20180915-RGN-POR-2261,60:16,60:36,Megan Anna Rapinoe,RGN,2nd half,49.6,23.5,0,Adrianna Nichole Franch,63.0,36.4,0
20180915-RGN-POR-440,20180915-RGN-POR-2266,60:53,61:13,Adrianna Nichole Franch,POR,2nd half,42.0,31.6,1,Lindsey Michelle Horan,89.5,36.6,0
20180915-RGN-POR-441,20180915-RGN-POR-2278,61:30,61:50,Lydia Grace Yilkari Williams,RGN,2nd half,17.4,29.0,0,Lindsey Michelle Horan,55.0,8.9,0
20180915-RGN-POR-442,20180915-RGN-POR-2280,61:33,61:53,Lindsey Michelle Horan,POR,2nd half,50.0,59.1,0,Megan Leigh Oyster,75.0,55.1,0
20180915-RGN-POR-443,20180915-RGN-POR-2286,61:37,61:57,Megan Leigh Oyster,RGN,2nd half,30.0,10.5,1,Theresa Eslund,39.5,4.3,0
20180915-RGN-POR-444,20180915-RGN-POR-2289,61:39,61:59,Theresa Eslund,RGN,2nd half,42.0,3.1,0,Emily Townsend Menges,73.7,10.8,0
20180915-RGN-POR-445,20180915-RGN-POR-2292,61:43,62:03,Emily Townsend Menges,POR,2nd half,26.0,64.2,0,Jasmyne Spencer,29.0,64.9,0
20180915-RGN-POR-446,20180915-RGN-POR-2301,61:50,62:10,Jessica Anne Fishlock,RGN,2nd half,79.0,6.5,1,Theresa Eslund,76.0,2.6,0
20180915-RGN-POR-447,20180915-RGN-POR-2303,61:52,62:12,Theresa Eslund,RGN,2nd half,74.8,2.9,1,Alexandra Linsley Long Batista,60.7,7.9,0
20180915-RGN-POR-448,20180915-RGN-POR-2307,61:55,62:15,Alexandra Linsley Long Batista,RGN,2nd half,58.2,11.3,1,Megan Leigh Oyster,37.4,8.4,0
20180915-RGN-POR-449,20180915-RGN-POR-2309,61:58,62:18,Megan Leigh Oyster,RGN,2nd half,34.9,12.7,1,Lydia Grace Yilkari Williams,17.9,32.1,0
20180915-RGN-POR-450,20180915-RGN-POR-2313,62:02,62:22,Lydia Grace Yilkari Williams,RGN,2nd half,18.1,31.1,0,Celeste Anais Boureille,53.8,30.9,0
20180915-RGN-POR-451,20180915-RGN-POR-2317,62:06,62:26,Celeste Anais Boureille,POR,2nd half,56.5,37.4,1,Caitlin Jade Foord,76.7,38.5,0
20180915-RGN-POR-452,20180915-RGN-POR-2320,62:07,62:27,Caitlin Jade Foord,POR,2nd half,76.7,38.5,1,Christine Margaret Sinclair,75.4,47.4,0
20180915-RGN-POR-453,20180915-RGN-POR-2322,62:08,62:28,Christine Margaret Sinclair,POR,2nd half,75.4,47.4,1,Tobin Powell Powell Heath,104.4,58.7,0
20180915-RGN-POR-454,20180915-RGN-POR-2329,62:16,62:36,Megan Leigh Oyster,RGN,2nd half,3.2,6.0,0,Emily Townsend Menges,44.7,11.5,0
20180915-RGN-POR-455,20180915-RGN-POR-2335,62:18,62:38,Emily Townsend Menges,POR,2nd half,60.3,56.5,0,Theresa Eslund,79.2,68.0,0
20180915-RGN-POR-456,20180915-RGN-POR-2336,62:35,62:55,Theresa Eslund,RGN,2nd half,25.8,0.0,1,Jasmyne Spencer,37.0,4.3,0
20180915-RGN-POR-457,20180915-RGN-POR-2340,62:38,62:58,Christine Margaret Sinclair,POR,2nd half,70.6,57.0,1,Tobin Powell Powell Heath,74.3,65.4,0
20180915-RGN-POR-458,20180915-RGN-POR-2345,62:39,62:59,Tobin Powell Powell Heath,POR,2nd half,77.3,64.6,1,Caitlin Jade Foord,82.1,59.4,0
20180915-RGN-POR-459,20180915-RGN-POR-2352,62:43,63:03,Rumi Utsugi,RGN,2nd half,27.3,22.5,1,Stephanie-Elise Catley,27.9,55.8,0
20180915-RGN-POR-460,20180915-RGN-POR-2353,62:48,63:08,Stephanie-Elise Catley,RGN,2nd half,27.9,55.8,1,Lauren Kate Barnes,26.9,52.4,0
20180915-RGN-POR-461,20180915-RGN-POR-2354,62:51,63:11,Lauren Kate Barnes,RGN,2nd half,26.9,52.4,1,Stephanie-Elise Catley,39.7,67.0,0
20180915-RGN-POR-462,20180915-RGN-POR-2355,62:52,63:12,Stephanie-Elise Catley,RGN,2nd half,39.7,67.0,1,Megan Anna Rapinoe,48.5,64.6,0
20180915-RGN-POR-463,20180915-RGN-POR-2356,62:53,63:13,Megan Anna Rapinoe,RGN,2nd half,48.5,64.6,1,Stephanie-Elise Catley,36.5,35.2,0
20180915-RGN-POR-464,20180915-RGN-POR-2359,62:55,63:15,Stephanie-Elise Catley,RGN,2nd half,39.5,61.1,0,Tobin Powell Powell Heath,36.5,35.2,0
20180915-RGN-POR-465,20180915-RGN-POR-2363,62:59,63:19,Tobin Powell Powell Heath,POR,2nd half,67.8,29.2,1,Lindsey Michelle Horan,71.4,38.8,0
20180915-RGN-POR-466,20180915-RGN-POR-2366,63:02,63:22,Lindsey Michelle Horan,POR,2nd half,74.6,45.0,0,Megan Leigh Oyster,99.5,52.7,0
20180915-RGN-POR-467,20180915-RGN-POR-2369,63:07,63:27,Megan Leigh Oyster,RGN,2nd half,5.5,15.3,0,Tobin Powell Powell Heath,41.4,5.3,0
20180915-RGN-POR-468,20180915-RGN-POR-2383,63:59,64:19,Tobin Powell Powell Heath,POR,2nd half,63.8,62.7,1,Lindsey Michelle Horan,90.1,29.5,0
20180915-RGN-POR-469,20180915-RGN-POR-2394,64:27,64:47,Megan Anna Rapinoe,RGN,2nd half,54.6,60.3,1,Jodie Lee Taylor,71.8,63.7,0
20180915-RGN-POR-470,20180915-RGN-POR-2402,64:31,64:51,Jodie Lee Taylor,RGN,2nd half,72.4,61.5,0,Emily Townsend Menges,95.8,54.4,0
20180915-RGN-POR-471,20180915-RGN-POR-2406,64:35,64:55,Emily Townsend Menges,POR,2nd half,8.6,3.1,0,Stephanie-Elise Catley,34.4,1.9,0
20180915-RGN-POR-472,20180915-RGN-POR-2410,64:46,65:06,Ellie Madison Carpenter,POR,2nd half,32.6,0.0,1,Ana Maria Crnogorcevic,46.0,2.9,0
20180915-RGN-POR-473,20180915-RGN-POR-2412,64:48,65:08,Ana Maria Crnogorcevic,POR,2nd half,46.0,2.9,1,Caitlin Jade Foord,58.2,5.7,0
20180915-RGN-POR-474,20180915-RGN-POR-2421,64:50,65:10,Caitlin Jade Foord,POR,2nd half,58.2,6.2,1,Christine Margaret Sinclair,51.2,7.2,0
20180915-RGN-POR-475,20180915-RGN-POR-2423,64:51,65:11,Christine Margaret Sinclair,POR,2nd half,51.2,7.2,0,Rumi Utsugi,54.0,6.2,0
20180915-RGN-POR-476,20180915-RGN-POR-2428,65:19,65:39,Emily Ann Sonnett,POR,2nd half,49.3,9.6,1,Caitlin Jade Foord,83.4,27.5,0
20180915-RGN-POR-477,20180915-RGN-POR-2432,65:22,65:42,Caitlin Jade Foord,POR,2nd half,83.4,27.5,0,Alexandra Linsley Long Batista,90.7,31.4,0
20180915-RGN-POR-478,20180915-RGN-POR-2439,65:30,65:50,Emily Ann Sonnett,POR,2nd half,58.0,4.5,1,Lindsey Michelle Horan,87.6,32.3,0
20180915-RGN-POR-479,20180915-RGN-POR-2442,65:32,65:52,Lindsey Michelle Horan,POR,2nd half,87.6,32.3,0,Megan Leigh Oyster,87.6,32.3,0
20180915-RGN-POR-480,20180915-RGN-POR-2450,66:02,66:22,Lydia Grace Yilkari Williams,RGN,2nd half,4.8,35.9,1,Rumi Utsugi,45.2,57.7,0
20180915-RGN-POR-481,20180915-RGN-POR-2454,66:05,66:25,Celeste Anais Boureille,POR,2nd half,59.8,10.3,0,Rumi Utsugi,59.8,10.3,0
20180915-RGN-POR-482,20180915-RGN-POR-2471,66:10,66:30,Megan Leigh Oyster,RGN,2nd half,30.2,41.9,1,Lauren Kate Barnes,23.3,48.4,0
20180915-RGN-POR-483,20180915-RGN-POR-2478,66:13,66:33,Ana Maria Crnogorcevic,POR,2nd half,82.3,16.0,0,Lydia Grace Yilkari Williams,91.6,28.5,0
20180915-RGN-POR-484,20180915-RGN-POR-2487,67:08,67:28,Lydia Grace Yilkari Williams,RGN,2nd half,13.4,39.5,0,Ana Maria Crnogorcevic,53.5,63.7,0
20180915-RGN-POR-485,20180915-RGN-POR-2489,67:21,67:41,Megan Anna Rapinoe,RGN,2nd half,53.8,68.0,1,Megan Leigh Oyster,34.0,45.5,0
20180915-RGN-POR-486,20180915-RGN-POR-2492,67:25,67:45,Megan Leigh Oyster,RGN,2nd half,37.2,40.5,1,Megan Anna Rapinoe,84.2,60.6,0
20180915-RGN-POR-487,20180915-RGN-POR-2500,67:45,68:05,Megan Anna Rapinoe,RGN,2nd half,84.2,60.3,0,Emily Ann Sonnett,96.0,40.5,1
20180915-RGN-POR-488,20180915-RGN-POR-2505,67:48,68:08,Tobin Powell Powell Heath,POR,2nd half,24.6,35.0,1,Lindsey Michelle Horan,31.5,28.7,0
20180915-RGN-POR-489,20180915-RGN-POR-2510,67:51,68:11,Lindsey Michelle Horan,POR,2nd half,38.6,29.2,1,Christine Margaret Sinclair,52.7,22.0,0
20180915-RGN-POR-490,20180915-RGN-POR-2516,67:57,68:17,Christine Margaret Sinclair,POR,2nd half,75.8,12.2,1,Lindsey Michelle Horan,90.3,31.6,0
20180915-RGN-POR-491,20180915-RGN-POR-2529,69:00,69:20,Megan Anna Rapinoe,RGN,2nd half,44.5,54.1,1,Jessica Anne Fishlock,50.0,53.6,0
20180915-RGN-POR-492,20180915-RGN-POR-2531,69:05,69:25,Jessica Anne Fishlock,RGN,2nd half,59.6,59.9,1,Megan Anna Rapinoe,65.9,64.9,0
20180915-RGN-POR-493,20180915-RGN-POR-2538,69:08,69:28,Megan Anna Rapinoe,RGN,2nd half,73.5,64.9,0,Adrianna Nichole Franch,102.1,34.7,1
20180915-RGN-POR-494,20180915-RGN-POR-2542,69:13,69:33,Adrianna Nichole Franch,POR,2nd half,14.3,38.8,1,Meghan Elizabeth Klingenberg,39.3,61.8,0
20180915-RGN-POR-495,20180915-RGN-POR-2543,69:18,69:38,Meghan Elizabeth Klingenberg,POR,2nd half,39.3,61.8,0,Theresa Eslund,46.2,68.0,0
20180915-RGN-POR-496,20180915-RGN-POR-2544,69:39,69:59,Theresa Eslund,RGN,2nd half,58.8,0.0,0,Lindsey Michelle Horan,76.7,6.5,0
20180915-RGN-POR-497,20180915-RGN-POR-2549,69:41,70:01,Lindsey Michelle Horan,POR,2nd half,28.3,61.5,0,Jessica Anne Fishlock,26.0,46.5,0
20180915-RGN-POR-498,20180915-RGN-POR-2555,69:43,70:03,Jessica Anne Fishlock,RGN,2nd half,71.8,13.9,0,Emily Ann Sonnett,79.0,21.5,0
20180915-RGN-POR-499,20180915-RGN-POR-2558,69:46,70:06,Emily Ann Sonnett,POR,2nd half,27.1,38.8,1,Caitlin Jade Foord,69.3,29.5,0
20180915-RGN-POR-500,20180915-RGN-POR-2565,69:52,70:12,Alexandra Linsley Long Batista,RGN,2nd half,36.1,28.7,1,Megan Leigh Oyster,50.2,5.0,0
20180915-RGN-POR-501,20180915-RGN-POR-2568,69:54,70:14,Megan Leigh Oyster,RGN,2nd half,20.6,23.7,0,Meghan Elizabeth Klingenberg,50.2,5.0,0
20180915-RGN-POR-502,20180915-RGN-POR-2572,69:56,70:16,Meghan Elizabeth Klingenberg,POR,2nd half,54.8,63.0,1,Lindsey Michelle Horan,57.1,56.5,0
20180915-RGN-POR-503,20180915-RGN-POR-2575,70:00,70:20,Lindsey Michelle Horan,POR,2nd half,58.4,53.4,0,Lydia Grace Yilkari Williams,98.7,46.7,0
20180915-RGN-POR-504,20180915-RGN-POR-2580,70:11,70:31,Lydia Grace Yilkari Williams,RGN,2nd half,11.1,38.1,1,Rumi Utsugi,27.9,39.3,0
20180915-RGN-POR-505,20180915-RGN-POR-2581,70:14,70:34,Rumi Utsugi,RGN,2nd half,27.9,39.3,1,Alexandra Linsley Long Batista,16.4,32.1,0
20180915-RGN-POR-506,20180915-RGN-POR-2582,70:21,70:41,Alexandra Linsley Long Batista,RGN,2nd half,16.4,32.1,1,Lydia Grace Yilkari Williams,6.3,36.4,0
20180915-RGN-POR-507,20180915-RGN-POR-2583,70:25,70:45,Lydia Grace Yilkari Williams,RGN,2nd half,6.3,36.4,1,Stephanie-Elise Catley,45.6,59.9,0
20180915-RGN-POR-508,20180915-RGN-POR-2588,70:28,70:48,Ana Maria Crnogorcevic,POR,2nd half,59.4,8.1,1,Celeste Anais Boureille,68.0,12.9,0
20180915-RGN-POR-509,20180915-RGN-POR-2598,70:34,70:54,Celeste Anais Boureille,POR,2nd half,65.1,17.2,1,Caitlin Jade Foord,91.1,16.3,0
20180915-RGN-POR-510,20180915-RGN-POR-2604,71:05,71:25,Ellie Madison Carpenter,POR,2nd half,89.2,0.0,1,Lindsey Michelle Horan,98.3,18.0,0
20180915-RGN-POR-511,20180915-RGN-POR-2611,71:07,71:27,Jessica Anne Fishlock,RGN,2nd half,6.7,50.0,1,Megan Anna Rapinoe,14.7,49.3,0
20180915-RGN-POR-512,20180915-RGN-POR-2613,71:10,71:30,Megan Anna Rapinoe,RGN,2nd half,14.7,49.3,1,Jasmyne Spencer,39.1,10.3,0
20180915-RGN-POR-513,20180915-RGN-POR-2614,71:15,71:35,Jasmyne Spencer,RGN,2nd half,39.1,10.3,0,Emily Townsend Menges,70.8,5.3,0
20180915-RGN-POR-514,20180915-RGN-POR-2617,71:20,71:40,Emily Townsend Menges,POR,2nd half,29.8,59.1,1,Emily Ann Sonnett,29.0,41.7,0
20180915-RGN-POR-515,20180915-RGN-POR-2621,71:23,71:43,Emily Ann Sonnett,POR,2nd half,30.2,35.4,0,Stephanie-Elise Catley,72.9,18.9,0
20180915-RGN-POR-516,20180915-RGN-POR-2623,71:26,71:46,Stephanie-Elise Catley,RGN,2nd half,32.1,49.1,0,Lindsey Michelle Horan,49.3,39.7,0
20180915-RGN-POR-517,20180915-RGN-POR-2629,71:30,71:50,Alexandra Linsley Long Batista,RGN,2nd half,35.5,42.6,0,Lindsey Michelle Horan,36.8,42.1,0
20180915-RGN-POR-518,20180915-RGN-POR-2640,71:32,71:52,Megan Leigh Oyster,RGN,2nd half,25.0,34.2,1,Stephanie-Elise Catley,29.2,53.6,0
20180915-RGN-POR-519,20180915-RGN-POR-2642,71:36,71:56,Stephanie-Elise Catley,RGN,2nd half,31.1,63.5,1,Megan Anna Rapinoe,66.4,67.0,0
20180915-RGN-POR-520,20180915-RGN-POR-2650,71:44,72:04,Ellie Madison Carpenter,POR,2nd half,21.4,2.4,1,Emily Ann Sonnett,10.9,9.1,0
20180915-RGN-POR-521,20180915-RGN-POR-2651,71:45,72:05,Emily Ann Sonnett,POR,2nd half,10.9,9.1,1,Celeste Anais Boureille,31.9,12.5,0
20180915-RGN-POR-522,20180915-RGN-POR-2664,73:04,73:24,Ellie Madison Carpenter,POR,2nd half,33.2,0.0,1,Ana Maria Crnogorcevic,47.2,2.2,0
20180915-RGN-POR-523,20180915-RGN-POR-2665,73:05,73:25,Ana Maria Crnogorcevic,POR,2nd half,47.2,2.2,1,Celeste Anais Boureille,48.3,11.3,0
20180915-RGN-POR-524,20180915-RGN-POR-2666,73:07,73:27,Celeste Anais Boureille,POR,2nd half,48.3,11.3,0,Alexandra Linsley Long Batista,56.3,12.0,0
20180915-RGN-POR-525,20180915-RGN-POR-2675,73:14,73:34,Alexandra Linsley Long Batista,RGN,2nd half,56.7,52.2,0,Ellie Madison Carpenter,71.0,68.0,0
20180915-RGN-POR-526,20180915-RGN-POR-2677,73:25,73:45,Ellie Madison Carpenter,POR,2nd half,34.0,0.0,1,Ana Maria Crnogorcevic,47.0,3.4,0
20180915-RGN-POR-527,20180915-RGN-POR-2679,73:26,73:46,Ana Maria Crnogorcevic,POR,2nd half,47.0,3.4,0,Stephanie-Elise Catley,56.3,6.7,0
20180915-RGN-POR-528,20180915-RGN-POR-2683,73:27,73:47,Stephanie-Elise Catley,RGN,2nd half,48.7,61.3,1,Alexandra Linsley Long Batista,56.3,58.2,0
20180915-RGN-POR-529,20180915-RGN-POR-2686,73:28,73:48,Christine Margaret Sinclair,POR,2nd half,48.7,9.8,0,Alexandra Linsley Long Batista,48.7,9.8,0
20180915-RGN-POR-530,20180915-RGN-POR-2690,73:30,73:50,Lauren Kate Barnes,RGN,2nd half,41.6,54.6,1,Rumi Utsugi,50.0,46.5,0
20180915-RGN-POR-531,20180915-RGN-POR-2695,73:32,73:52,Rumi Utsugi,RGN,2nd half,50.0,46.5,0,Lindsey Michelle Horan,51.0,44.8,0
20180915-RGN-POR-532,20180915-RGN-POR-2702,73:39,73:59,Lindsey Michelle Horan,POR,2nd half,86.5,32.3,0,Megan Leigh Oyster,86.1,34.7,0
20180915-RGN-POR-533,20180915-RGN-POR-2706,73:42,74:02,Celeste Anais Boureille,POR,2nd half,75.6,40.5,1,Tobin Powell Powell Heath,85.1,61.5,0
20180915-RGN-POR-534,20180915-RGN-POR-2717,73:51,74:11,Tobin Powell Powell Heath,POR,2nd half,85.5,55.8,1,Meghan Elizabeth Klingenberg,96.8,63.0,0
20180915-RGN-POR-535,20180915-RGN-POR-2721,74:00,74:20,Meghan Elizabeth Klingenberg,POR,2nd half,95.3,63.2,1,Emily Townsend Menges,61.1,58.2,0
20180915-RGN-POR-536,20180915-RGN-POR-2723,74:05,74:25,Emily Townsend Menges,POR,2nd half,63.2,57.5,1,Celeste Anais Boureille,76.2,64.2,0
20180915-RGN-POR-537,20180915-RGN-POR-2727,74:07,74:27,Celeste Anais Boureille,POR,2nd half,76.2,64.2,1,Meghan Elizabeth Klingenberg,84.4,66.8,0
20180915-RGN-POR-538,20180915-RGN-POR-2730,74:09,74:29,Meghan Elizabeth Klingenberg,POR,2nd half,83.4,63.7,1,Tobin Powell Powell Heath,81.1,58.7,0
20180915-RGN-POR-539,20180915-RGN-POR-2733,74:11,74:31,Tobin Powell Powell Heath,POR,2nd half,78.3,57.9,1,Celeste Anais Boureille,71.8,58.4,0
20180915-RGN-POR-540,20180915-RGN-POR-2738,74:12,74:32,Celeste Anais Boureille,POR,2nd half,73.1,56.7,0,Lydia Grace Yilkari Williams,100.6,35.0,0
20180915-RGN-POR-541,20180915-RGN-POR-2741,74:18,74:38,Lydia Grace Yilkari Williams,RGN,2nd half,14.9,33.5,1,Jodie Lee Taylor,58.4,30.4,0
20180915-RGN-POR-542,20180915-RGN-POR-2744,74:21,74:41,Emily Townsend Menges,POR,2nd half,46.6,37.6,0,Jodie Lee Taylor,46.6,37.6,0
20180915-RGN-POR-543,20180915-RGN-POR-2753,74:27,74:47,Jasmyne Spencer,RGN,2nd half,79.0,2.9,0,Meghan Elizabeth Klingenberg,101.0,11.7,0
20180915-RGN-POR-544,20180915-RGN-POR-2758,74:35,74:55,Meghan Elizabeth Klingenberg,POR,2nd half,1.7,60.3,1,Emily Townsend Menges,11.6,62.0,0
20180915-RGN-POR-545,20180915-RGN-POR-2759,74:38,74:58,Emily Townsend Menges,POR,2nd half,11.6,62.0,1,Christine Margaret Sinclair,27.9,56.5,0
20180915-RGN-POR-546,20180915-RGN-POR-2760,74:39,74:59,Christine Margaret Sinclair,POR,2nd half,27.9,56.5,1,Caitlin Jade Foord,44.3,64.9,0
20180915-RGN-POR-547,20180915-RGN-POR-2764,74:58,75:18,Meghan Elizabeth Klingenberg,POR,2nd half,42.2,68.0,1,Lindsey Michelle Horan,42.6,59.6,0
20180915-RGN-POR-548,20180915-RGN-POR-2765,74:58,75:18,Lindsey Michelle Horan,POR,2nd half,42.6,59.6,1,Meghan Elizabeth Klingenberg,42.4,66.1,0
20180915-RGN-POR-549,20180915-RGN-POR-2769,75:02,75:22,Meghan Elizabeth Klingenberg,POR,2nd half,40.5,66.1,1,Emily Townsend Menges,32.8,65.6,0
20180915-RGN-POR-550,20180915-RGN-POR-2771,75:03,75:23,Emily Townsend Menges,POR,2nd half,32.8,65.6,1,Christine Margaret Sinclair,56.1,59.9,0
20180915-RGN-POR-551,20180915-RGN-POR-2773,75:04,75:24,Christine Margaret Sinclair,POR,2nd half,56.1,59.9,1,Caitlin Jade Foord,65.3,53.6,0
20180915-RGN-POR-552,20180915-RGN-POR-2793,75:14,75:34,Tobin Powell Powell Heath,POR,2nd half,76.4,54.6,1,Lindsey Michelle Horan,78.5,41.7,0
20180915-RGN-POR-553,20180915-RGN-POR-2803,75:19,75:39,Christine Margaret Sinclair,POR,2nd half,78.5,42.1,1,Ellie Madison Carpenter,78.3,16.8,0
20180915-RGN-POR-554,20180915-RGN-POR-2816,75:31,75:51,Celeste Anais Boureille,POR,2nd half,85.5,10.5,1,Ellie Madison Carpenter,103.1,5.0,0
20180915-RGN-POR-555,20180915-RGN-POR-2821,75:33,75:53,Ellie Madison Carpenter,POR,2nd half,103.1,5.0,0,Jasmyne Spencer,96.8,40.7,1
20180915-RGN-POR-556,20180915-RGN-POR-2823,75:35,75:55,Jasmyne Spencer,RGN,2nd half,8.2,27.3,0,Christine Margaret Sinclair,25.8,50.0,0
20180915-RGN-POR-557,20180915-RGN-POR-2826,75:36,76:26,Christine Margaret Sinclair,POR,2nd half,79.2,18.0,1,Lindsey Michelle Horan,96.6,35.7,0
20180915-RGN-POR-558,20180915-RGN-POR-2829,75:38,75:58,Meghan Elizabeth Klingenberg,POR,2nd half,73.5,38.3,1,Ana Maria Crnogorcevic,84.0,20.6,0
20180915-RGN-POR-559,20180915-RGN-POR-2835,75:40,76:00,Ana Maria Crnogorcevic,POR,2nd half,84.0,20.6,1,Lindsey Michelle Horan,81.7,27.8,0
20180915-RGN-POR-560,20180915-RGN-POR-2850,75:47,76:07,Ana Maria Crnogorcevic,POR,2nd half,71.0,27.8,1,Celeste Anais Boureille,64.1,27.5,0
20180915-RGN-POR-561,20180915-RGN-POR-2853,75:48,76:08,Celeste Anais Boureille,POR,2nd half,64.1,27.5,1,Christine Margaret Sinclair,72.4,18.7,0
20180915-RGN-POR-562,20180915-RGN-POR-2868,77:40,78:00,Ellie Madison Carpenter,POR,2nd half,56.7,0.0,1,Ana Maria Crnogorcevic,67.8,2.2,0
20180915-RGN-POR-563,20180915-RGN-POR-2871,77:44,78:04,Ana Maria Crnogorcevic,POR,2nd half,64.9,1.2,1,Celeste Anais Boureille,60.5,5.0,0
20180915-RGN-POR-564,20180915-RGN-POR-2873,77:45,78:05,Celeste Anais Boureille,POR,2nd half,60.5,5.0,1,Ellie Madison Carpenter,55.7,1.7,0
20180915-RGN-POR-565,20180915-RGN-POR-2874,77:46,78:06,Ellie Madison Carpenter,POR,2nd half,55.7,1.7,0,Alexandra Linsley Long Batista,78.5,16.5,0
20180915-RGN-POR-566,20180915-RGN-POR-2879,77:51,78:11,Alexandra Linsley Long Batista,RGN,2nd half,26.7,43.1,0,Meghan Elizabeth Klingenberg,41.4,13.2,0
20180915-RGN-POR-567,20180915-RGN-POR-2881,77:54,78:14,Meghan Elizabeth Klingenberg,POR,2nd half,63.6,54.8,0,Theresa Eslund,66.6,55.3,0
20180915-RGN-POR-568,20180915-RGN-POR-2900,78:01,78:21,Lindsey Michelle Horan,POR,2nd half,73.7,47.2,0,Megan Leigh Oyster,82.1,58.9,0
20180915-RGN-POR-569,20180915-RGN-POR-2904,78:05,78:25,Megan Leigh Oyster,RGN,2nd half,30.2,4.5,0,Christine Margaret Sinclair,33.2,3.4,0
20180915-RGN-POR-570,20180915-RGN-POR-2909,78:21,78:41,Theresa Eslund,RGN,2nd half,34.0,0.0,1,Lauren Kate Barnes,33.4,22.0,0
20180915-RGN-POR-571,20180915-RGN-POR-2912,78:24,78:44,Lauren Kate Barnes,RGN,2nd half,36.5,24.4,1,Stephanie-Elise Catley,46.2,59.1,0
20180915-RGN-POR-572,20180915-RGN-POR-2915,78:29,78:49,Stephanie-Elise Catley,RGN,2nd half,48.5,62.0,1,Rumi Utsugi,41.4,54.4,0
20180915-RGN-POR-573,20180915-RGN-POR-2918,78:32,78:52,Rumi Utsugi,RGN,2nd half,44.9,58.4,0,Emily Townsend Menges,79.0,43.6,0
20180915-RGN-POR-574,20180915-RGN-POR-2923,78:34,78:54,Emily Townsend Menges,POR,2nd half,26.0,24.4,0,Alexandra Linsley Long Batista,42.6,30.6,0
20180915-RGN-POR-575,20180915-RGN-POR-2926,78:36,78:56,Alexandra Linsley Long Batista,RGN,2nd half,62.4,37.4,1,Megan Leigh Oyster,40.5,34.0,0
20180915-RGN-POR-576,20180915-RGN-POR-2931,78:40,79:00,Megan Leigh Oyster,RGN,2nd half,46.0,33.3,0,Ellie Madison Carpenter,82.3,52.7,0
20180915-RGN-POR-577,20180915-RGN-POR-2934,78:43,79:03,Ellie Madison Carpenter,POR,2nd half,22.7,15.3,0,Jessica Anne Fishlock,30.7,18.0,0
20180915-RGN-POR-578,20180915-RGN-POR-2936,78:44,79:04,Jessica Anne Fishlock,RGN,2nd half,74.3,50.0,1,Megan Anna Rapinoe,90.1,35.2,0
20180915-RGN-POR-579,20180915-RGN-POR-2944,78:46,79:06,Megan Anna Rapinoe,RGN,2nd half,78.3,55.5,0,Emily Townsend Menges,90.1,35.2,0
20180915-RGN-POR-580,20180915-RGN-POR-2946,78:47,79:07,Emily Townsend Menges,POR,2nd half,14.9,32.8,1,Lindsey Michelle Horan,20.4,29.9,0
20180915-RGN-POR-581,20180915-RGN-POR-2950,78:47,79:07,Lindsey Michelle Horan,POR,2nd half,20.4,29.9,1,Emily Townsend Menges,17.8,33.5,0
20180915-RGN-POR-582,20180915-RGN-POR-2953,78:51,79:11,Emily Townsend Menges,POR,2nd half,31.9,28.0,1,Christine Margaret Sinclair,33.0,34.0,0
20180915-RGN-POR-583,20180915-RGN-POR-2955,78:53,79:13,Christine Margaret Sinclair,POR,2nd half,30.0,37.1,1,Meghan Elizabeth Klingenberg,18.9,47.2,0
20180915-RGN-POR-584,20180915-RGN-POR-2959,78:55,79:15,Meghan Elizabeth Klingenberg,POR,2nd half,20.4,47.4,1,Christine Margaret Sinclair,29.6,45.3,0
20180915-RGN-POR-585,20180915-RGN-POR-2962,78:58,79:18,Christine Margaret Sinclair,POR,2nd half,30.7,48.4,1,Caitlin Jade Foord,61.3,59.6,0
20180915-RGN-POR-586,20180915-RGN-POR-2967,79:01,79:21,Megan Leigh Oyster,RGN,2nd half,44.1,3.4,1,Theresa Eslund,48.7,6.0,0
20180915-RGN-POR-587,20180915-RGN-POR-2970,79:03,79:23,Theresa Eslund,RGN,2nd half,48.7,6.0,1,Lauren Kate Barnes,33.6,23.0,0
20180915-RGN-POR-588,20180915-RGN-POR-2973,79:05,79:25,Lauren Kate Barnes,RGN,2nd half,34.4,23.2,1,Rumi Utsugi,39.9,35.4,0
20180915-RGN-POR-589,20180915-RGN-POR-2975,79:09,79:29,Rumi Utsugi,RGN,2nd half,40.5,40.9,1,Stephanie-Elise Catley,49.3,65.4,0
20180915-RGN-POR-590,20180915-RGN-POR-2978,79:12,79:32,Stephanie-Elise Catley,RGN,2nd half,49.1,65.6,1,Rumi Utsugi,46.4,57.5,0
20180915-RGN-POR-591,20180915-RGN-POR-2981,79:17,79:37,Rumi Utsugi,RGN,2nd half,34.4,58.4,1,Lydia Grace Yilkari Williams,12.2,41.9,0
20180915-RGN-POR-592,20180915-RGN-POR-2983,79:20,79:40,Lydia Grace Yilkari Williams,RGN,2nd half,12.2,41.9,1,Rumi Utsugi,26.0,61.5,0
20180915-RGN-POR-593,20180915-RGN-POR-2986,79:23,79:43,Rumi Utsugi,RGN,2nd half,26.9,62.3,1,Megan Anna Rapinoe,47.9,60.8,0
20180915-RGN-POR-594,20180915-RGN-POR-2994,79:32,79:52,Megan Anna Rapinoe,RGN,2nd half,73.1,34.5,1,Beverly Yanez,80.6,19.6,0
20180915-RGN-POR-595,20180915-RGN-POR-3012,79:45,80:05,Megan Leigh Oyster,RGN,2nd half,73.7,3.1,1,Megan Anna Rapinoe,91.6,39.3,1
20180915-RGN-POR-596,20180915-RGN-POR-3027,80:16,80:36,Adrianna Nichole Franch,POR,2nd half,5.5,39.5,1,Christine Margaret Sinclair,43.7,62.7,0
20180915-RGN-POR-597,20180915-RGN-POR-3030,80:19,80:39,Christine Margaret Sinclair,POR,2nd half,43.7,62.7,0,Beverly Yanez,43.7,62.7,0
20180915-RGN-POR-598,20180915-RGN-POR-3035,80:19,80:39,Theresa Eslund,RGN,2nd half,48.7,6.0,1,Alexandra Linsley Long Batista,47.2,11.5,0
20180915-RGN-POR-599,20180915-RGN-POR-3039,80:22,80:42,Alexandra Linsley Long Batista,RGN,2nd half,43.3,12.0,1,Megan Leigh Oyster,33.4,5.0,0
20180915-RGN-POR-600,20180915-RGN-POR-3041,80:24,80:44,Megan Leigh Oyster,RGN,2nd half,33.4,5.0,1,Jodie Lee Taylor,65.1,15.1,0
20180915-RGN-POR-601,20180915-RGN-POR-3044,80:26,80:46,Emily Townsend Menges,POR,2nd half,39.9,52.9,1,Lindsey Michelle Horan,55.9,52.9,0
20180915-RGN-POR-602,20180915-RGN-POR-3061,81:29,81:49,Emily Ann Sonnett,POR,2nd half,55.7,51.5,0,Beverly Yanez,93.2,20.6,0
20180915-RGN-POR-603,20180915-RGN-POR-3064,82:15,82:35,Tobin Powell Powell Heath,POR,2nd half,105.0,0.0,0,Lauren Kate Barnes,101.4,27.8,0
20180915-RGN-POR-604,20180915-RGN-POR-3088,82:29,82:49,Megan Anna Rapinoe,RGN,2nd half,17.9,55.8,1,Lauren Kate Barnes,13.0,50.8,0
20180915-RGN-POR-605,20180915-RGN-POR-3089,82:31,82:51,Lauren Kate Barnes,RGN,2nd half,13.0,50.8,0,Meghan Elizabeth Klingenberg,38.6,12.0,0
20180915-RGN-POR-606,20180915-RGN-POR-3098,82:39,82:59,Meghan Elizabeth Klingenberg,POR,2nd half,87.6,62.5,0,Stephanie-Elise Catley,96.0,40.9,1
20180915-RGN-POR-607,20180915-RGN-POR-3111,83:17,83:37,Lydia Grace Yilkari Williams,RGN,2nd half,4.8,40.0,1,Morgan Andrews,46.0,63.2,0
20180915-RGN-POR-608,20180915-RGN-POR-3123,83:45,84:05,Emily Ann Sonnett,POR,2nd half,55.2,2.2,1,Caitlin Jade Foord,89.5,12.9,0
20180915-RGN-POR-609,20180915-RGN-POR-3130,84:38,84:58,Tobin Powell Powell Heath,POR,2nd half,105.0,0.0,0,Megan Anna Rapinoe,96.8,24.9,0
20180915-RGN-POR-610,20180915-RGN-POR-3136,84:41,85:01,Megan Anna Rapinoe,RGN,2nd half,13.6,44.8,0,Ellie Madison Carpenter,15.8,45.0,0
20180915-RGN-POR-611,20180915-RGN-POR-3150,84:46,85:06,Elizabeth Addo,RGN,2nd half,11.6,48.4,1,Megan Anna Rapinoe,69.1,52.4,0
20180915-RGN-POR-612,20180915-RGN-POR-3152,84:50,85:10,Megan Anna Rapinoe,RGN,2nd half,25.6,67.3,0,Emily Townsend Menges,69.1,52.4,0
20180915-RGN-POR-613,20180915-RGN-POR-3154,84:55,85:15,Emily Townsend Menges,POR,2nd half,36.3,26.3,1,Meghan Elizabeth Klingenberg,31.3,54.8,0
20180915-RGN-POR-614,20180915-RGN-POR-3157,84:59,85:19,Meghan Elizabeth Klingenberg,POR,2nd half,30.2,51.5,1,Adrianna Nichole Franch,14.5,32.3,0
20180915-RGN-POR-615,20180915-RGN-POR-3160,85:02,85:22,Adrianna Nichole Franch,POR,2nd half,14.5,32.3,1,Ellie Madison Carpenter,35.3,8.1,0
20180915-RGN-POR-616,20180915-RGN-POR-3161,85:05,85:25,Ellie Madison Carpenter,POR,2nd half,35.3,8.1,0,Lauren Kate Barnes,59.8,9.6,0
20180915-RGN-POR-617,20180915-RGN-POR-3165,85:08,85:28,Lauren Kate Barnes,RGN,2nd half,47.5,59.9,0,Tobin Powell Powell Heath,49.6,61.8,0
20180915-RGN-POR-618,20180915-RGN-POR-3172,85:10,85:30,Lauren Kate Barnes,RGN,2nd half,48.1,57.2,1,Elizabeth Addo,56.7,55.1,0
20180915-RGN-POR-619,20180915-RGN-POR-3185,85:14,85:34,Morgan Andrews,RGN,2nd half,55.4,59.9,1,Megan Anna Rapinoe,66.2,65.8,0
20180915-RGN-POR-620,20180915-RGN-POR-3187,85:15,85:35,Megan Anna Rapinoe,RGN,2nd half,66.2,65.8,1,Elizabeth Addo,69.3,54.4,0
20180915-RGN-POR-621,20180915-RGN-POR-3194,86:02,86:22,Megan Anna Rapinoe,RGN,2nd half,77.7,57.9,0,Emily Ann Sonnett,97.7,34.5,0
20180915-RGN-POR-622,20180915-RGN-POR-3206,86:08,86:28,Jodie Lee Taylor,RGN,2nd half,97.9,15.3,1,Stephanie-Elise Catley,96.6,31.6,1
20180915-RGN-POR-623,20180915-RGN-POR-3215,86:12,86:32,Ana Maria Crnogorcevic,POR,2nd half,6.9,48.1,1,null,null,null,0
20180915-RGN-POR-624,20180915-RGN-POR-3216,88:03,88:23,Theresa Eslund,RGN,2nd half,77.7,0.0,1,Elizabeth Addo,85.9,5.7,0
20180915-RGN-POR-625,20180915-RGN-POR-3220,88:06,88:26,Elizabeth Addo,RGN,2nd half,85.7,4.8,1,Theresa Eslund,77.5,1.4,0
20180915-RGN-POR-626,20180915-RGN-POR-3223,88:08,88:28,Theresa Eslund,RGN,2nd half,82.1,4.5,1,Jodie Lee Taylor,88.4,35.0,1
20180915-RGN-POR-627,20180915-RGN-POR-3233,88:19,88:39,Stephanie-Elise Catley,RGN,2nd half,38.4,48.8,1,Lauren Kate Barnes,36.5,28.7,0
20180915-RGN-POR-628,20180915-RGN-POR-3236,88:22,88:42,Lauren Kate Barnes,RGN,2nd half,36.3,31.4,1,Stephanie-Elise Catley,45.8,60.6,0
20180915-RGN-POR-629,20180915-RGN-POR-3240,88:26,88:46,Stephanie-Elise Catley,RGN,2nd half,48.7,63.5,0,Ellie Madison Carpenter,94.3,57.9,0
20180915-RGN-POR-630,20180915-RGN-POR-3244,88:37,88:57,Elizabeth Addo,RGN,2nd half,98.5,68.0,1,Stephanie-Elise Catley,88.2,65.6,0
20180915-RGN-POR-631,20180915-RGN-POR-3248,88:40,89:00,Stephanie-Elise Catley,RGN,2nd half,88.6,65.4,1,Megan Anna Rapinoe,96.8,65.4,0
20180915-RGN-POR-632,20180915-RGN-POR-3254,88:46,89:06,Megan Anna Rapinoe,RGN,2nd half,86.9,61.1,0,Emily Townsend Menges,96.4,40.5,1
20180915-RGN-POR-633,20180915-RGN-POR-3260,88:48,89:08,Ana Maria Crnogorcevic,POR,2nd half,22.5,14.4,0,Lauren Kate Barnes,43.0,6.9,0
20180915-RGN-POR-634,20180915-RGN-POR-3265,88:51,89:11,Lauren Kate Barnes,RGN,2nd half,62.0,61.1,1,Megan Anna Rapinoe,69.3,65.1,0
20180915-RGN-POR-635,20180915-RGN-POR-3270,88:54,89:14,Megan Anna Rapinoe,RGN,2nd half,69.5,62.3,0,Adrianna Nichole Franch,95.6,29.2,0
20180915-RGN-POR-636,20180915-RGN-POR-3275,89:21,89:41,Adrianna Nichole Franch,POR,2nd half,9.4,38.8,1,Christine Margaret Sinclair,57.3,58.9,0
20180915-RGN-POR-637,20180915-RGN-POR-3284,89:40,90:00,Meghan Elizabeth Klingenberg,POR,2nd half,49.8,68.0,1,Christine Margaret Sinclair,62.6,64.9,0
20180915-RGN-POR-638,20180915-RGN-POR-3285,89:42,90:02,Megan Leigh Oyster,RGN,2nd half,42.4,3.1,0,Christine Margaret Sinclair,42.4,3.1,0
20180915-RGN-POR-639,20180915-RGN-POR-3294,89:44,90:04,Tobin Powell Powell Heath,POR,2nd half,55.7,66.6,0,Beverly Yanez,56.9,66.1,0
20180915-RGN-POR-640,20180915-RGN-POR-3300,90:01,90:21,Meghan Elizabeth Klingenberg,POR,2nd half,48.3,68.0,0,Lauren Kate Barnes,72.9,60.8,0
20180915-RGN-POR-641,20180915-RGN-POR-3303,90:08,90:28,Ana Maria Crnogorcevic,POR,2nd half,74.6,64.2,0,Lauren Kate Barnes,81.1,61.5,0
20180915-RGN-POR-642,20180915-RGN-POR-3313,90:25,90:45,Tobin Powell Powell Heath,POR,2nd half,94.3,68.0,0,Beverly Yanez,101.2,64.6,0
20180915-RGN-POR-643,20180915-RGN-POR-3314,90:26,90:46,Beverly Yanez,RGN,2nd half,3.8,3.4,1,Morgan Andrews,9.9,5.0,0
20180915-RGN-POR-644,20180915-RGN-POR-3317,90:27,90:47,Morgan Andrews,RGN,2nd half,9.9,5.0,0,Lindsey Michelle Horan,29.8,5.5,0
20180915-RGN-POR-645,20180915-RGN-POR-3324,90:47,91:07,Meghan Elizabeth Klingenberg,POR,2nd half,69.7,68.0,1,Caitlin Jade Foord,81.1,63.2,0
20180915-RGN-POR-646,20180915-RGN-POR-3328,91:21,91:41,Theresa Eslund,RGN,2nd half,26.5,0.0,1,Elizabeth Addo,38.6,4.5,0
20180915-RGN-POR-647,20180915-RGN-POR-3332,91:23,91:43,Elizabeth Addo,RGN,2nd half,36.3,2.2,1,Theresa Eslund,25.2,3.4,0
20180915-RGN-POR-648,20180915-RGN-POR-3334,91:24,91:44,Theresa Eslund,RGN,2nd half,25.2,3.4,1,Lydia Grace Yilkari Williams,8.4,19.6,0
20180915-RGN-POR-649,20180915-RGN-POR-3336,91:26,91:46,Lydia Grace Yilkari Williams,RGN,2nd half,8.4,19.6,1,Morgan Andrews,42.0,12.2,0
20180915-RGN-POR-650,20180915-RGN-POR-3345,91:44,92:04,Lydia Grace Yilkari Williams,RGN,2nd half,34.0,16.3,1,Lauren Kate Barnes,49.6,38.1,0
20180915-RGN-POR-651,20180915-RGN-POR-3347,91:48,92:08,Lauren Kate Barnes,RGN,2nd half,49.8,35.2,1,Lydia Grace Yilkari Williams,34.2,24.9,0
20180915-RGN-POR-652,20180915-RGN-POR-3351,91:53,92:13,Lydia Grace Yilkari Williams,RGN,2nd half,36.3,22.5,1,Morgan Andrews,73.5,29.9,0
20180915-RGN-POR-653,20180915-RGN-POR-3352,91:56,92:16,Morgan Andrews,RGN,2nd half,73.5,29.9,1,Jodie Lee Taylor,82.9,30.2,0
20180915-RGN-POR-654,20180915-RGN-POR-3359,91:57,92:17,Jodie Lee Taylor,RGN,2nd half,82.9,30.2,1,Elizabeth Addo,90.7,21.1,0
20180915-RGN-POR-655,20180915-RGN-POR-3365,91:59,92:19,Elizabeth Addo,RGN,2nd half,94.1,19.4,1,Beverly Yanez,102.9,16.0,0
20180915-RGN-POR-656,20180915-RGN-POR-3373,92:10,92:30,Beverly Yanez,RGN,2nd half,98.1,6.9,1,Elizabeth Addo,95.8,13.6,0
20180915-RGN-POR-657,20180915-RGN-POR-3382,92:14,92:34,Tobin Powell Powell Heath,POR,2nd half,7.6,47.4,1,Caitlin Jade Foord,49.1,37.1,0
20180915-RGN-POR-658,20180915-RGN-POR-3391,92:22,92:42,Lauren Kate Barnes,RGN,2nd half,36.1,30.6,1,Theresa Eslund,40.3,15.3,0
20180915-RGN-POR-659,20180915-RGN-POR-3397,92:25,92:45,Theresa Eslund,RGN,2nd half,42.8,12.9,0,Lindsey Michelle Horan,78.8,21.1,0
20180915-RGN-POR-660,20180915-RGN-POR-3399,92:27,92:47,Lindsey Michelle Horan,POR,2nd half,26.2,46.9,1,Celeste Anais Boureille,31.9,40.7,0
20180915-RGN-POR-661,20180915-RGN-POR-3403,92:29,92:49,Celeste Anais Boureille,POR,2nd half,31.9,40.7,1,Christine Margaret Sinclair,44.1,54.6,0
20180915-RGN-POR-662,20180915-RGN-POR-3405,92:33,92:53,Christine Margaret Sinclair,POR,2nd half,49.6,55.5,1,Caitlin Jade Foord,61.1,50.3,0
20180915-RGN-POR-663,20180915-RGN-POR-3410,92:38,92:58,Caitlin Jade Foord,POR,2nd half,62.6,54.4,1,Christine Margaret Sinclair,59.6,59.9,0
20180915-RGN-POR-664,20180915-RGN-POR-3413,92:42,93:02,Christine Margaret Sinclair,POR,2nd half,71.4,63.5,1,Tobin Powell Powell Heath,93.9,67.5,0
20180915-RGN-POR-665,20180915-RGN-POR-3416,93:01,93:21,Theresa Eslund,RGN,2nd half,10.7,0.0,1,Elizabeth Addo,12.2,2.6,0
20180915-RGN-POR-666,20180915-RGN-POR-3419,93:02,93:22,Elizabeth Addo,RGN,2nd half,20.0,2.9,0,Tobin Powell Powell Heath,12.2,2.6,0
20180915-RGN-POR-667,20180915-RGN-POR-3427,93:11,93:31,Theresa Eslund,RGN,2nd half,10.5,0.0,1,Elizabeth Addo,22.0,8.9,0
20180915-RGN-POR-668,20180915-RGN-POR-3429,93:14,93:34,Elizabeth Addo,RGN,2nd half,22.0,12.7,1,Lauren Kate Barnes,15.8,33.0,0
20180915-RGN-POR-669,20180915-RGN-POR-3433,93:17,93:37,Lauren Kate Barnes,RGN,2nd half,17.0,35.0,1,Megan Anna Rapinoe,55.9,52.7,0
20180915-RGN-POR-670,20180915-RGN-POR-3437,93:19,93:39,Ellie Madison Carpenter,POR,2nd half,49.1,15.3,1,Ana Maria Crnogorcevic,58.2,7.7,0
20180915-RGN-POR-671,20180915-RGN-POR-3444,93:29,93:49,Ana Maria Crnogorcevic,POR,2nd half,97.4,0.7,0,Stephanie-Elise Catley,98.7,1.9,0
20180915-RGN-POR-672,20180915-RGN-POR-3448,93:35,93:55,Megan Anna Rapinoe,RGN,2nd half,11.3,50.8,1,Elizabeth Addo,27.9,37.1,0
20180915-RGN-POR-673,20180915-RGN-POR-3449,93:37,93:57,Elizabeth Addo,RGN,2nd half,27.9,37.1,1,Theresa Eslund,31.7,14.8,0
20180915-RGN-POR-674,20180915-RGN-POR-3450,93:40,94:00,Theresa Eslund,RGN,2nd half,31.7,14.8,0,Lindsey Michelle Horan,63.4,21.3,0
20180915-RGN-POR-675,20180915-RGN-POR-3452,93:42,94:02,Lindsey Michelle Horan,POR,2nd half,41.6,46.7,1,Christine Margaret Sinclair,46.2,50.3,0
20180915-RGN-POR-676,20180915-RGN-POR-3460,94:19,94:39,Lindsey Michelle Horan,POR,2nd half,46.6,52.0,1,Tobin Powell Powell Heath,94.3,62.5,0
20180915-RGN-POR-677,20180915-RGN-POR-3465,94:29,94:49,Theresa Eslund,RGN,2nd half,6.1,0.0,1,Megan Leigh Oyster,9.0,7.9,0
20180915-RGN-POR-678,20180915-RGN-POR-3466,94:31,94:51,Megan Leigh Oyster,RGN,2nd half,9.0,7.9,1,Beverly Yanez,21.0,1.7,0
20180915-RGN-POR-679,20180915-RGN-POR-3467,94:33,94:53,Beverly Yanez,RGN,2nd half,21.0,1.7,0,Christine Margaret Sinclair,23.7,1.0,0
20180915-RGN-POR-680,20180915-RGN-POR-3471,94:36,94:56,Beverly Yanez,RGN,2nd half,14.9,1.2,0,Christine Margaret Sinclair,16.6,1.0,0
20180915-RGN-POR-681,20180915-RGN-POR-3481,95:08,95:28,Tobin Powell Powell Heath,POR,2nd half,89.2,66.3,1,Christine Margaret Sinclair,87.6,65.8,0
