,raw_event_ID,start_time,end_time,player_ID,team,half,start_pos_x,start_pos_y,successful,receiver,end_pos_x,end_pos_y,cross,cross_blocked
0,1,0:04,0:24,Vanessa Sue Di Bernardo,Chicago Red Stars,1st half,52.7,33.8,1,Danielle Colaprico,40.5,34.2,0,0
1,3,0:06,0:26,Danielle Colaprico,Chicago Red Stars,1st half,40.1,39.7,1,Casey Short,42.2,63.2,0,0
2,7,0:11,0:31,Casey Short,Chicago Red Stars,1st half,43.3,65.6,1,Yuki Ogimi-Nagasato,95.1,61.3,0,0
3,13,0:28,0:48,Stephanie Labbe,North Carolina Courage,1st half,5.7,34.2,1,Abby May Erceg,16.2,56.0,0,0
4,17,0:35,0:55,Abby May Erceg,North Carolina Courage,1st half,26.7,56.3,1,Samantha Mewis,25.8,36.2,0,0
5,20,0:40,1:00,Samantha Mewis,North Carolina Courage,1st half,30.2,31.8,1,Abby Dahlkemper,31.5,15.3,0,0
6,22,0:44,1:04,Abby Dahlkemper,North Carolina Courage,1st half,35.5,14.4,1,Jessica Marie McDonald,75.4,13.2,0,0
7,26,0:47,1:07,Jessica Marie McDonald,North Carolina Courage,1st half,67.2,7.9,0,Kathleen Camille Naughton,75.4,13.2,0,0
8,30,0:49,1:09,Kathleen Camille Naughton,Chicago Red Stars,1st half,29.6,54.8,1,Morgan Gautrat,35.1,56.7,0,0
9,33,0:51,1:11,Morgan Gautrat,Chicago Red Stars,1st half,29.4,54.1,1,Julie Beth Ertz,18.9,34.0,0,0
10,36,0:56,1:16,Julie Beth Ertz,Chicago Red Stars,1st half,23.7,35.0,1,Casey Short,39.9,63.9,0,0
11,38,0:58,1:18,Casey Short,Chicago Red Stars,1st half,39.9,63.9,1,Yuki Ogimi-Nagasato,55.4,65.1,0,0
12,41,1:00,1:20,Yuki Ogimi-Nagasato,Chicago Red Stars,1st half,56.7,64.4,0,Denise O'Sullivan,70.3,51.7,0,0
13,45,1:03,1:23,Denise O'Sullivan,North Carolina Courage,1st half,34.7,16.3,1,Abby Dahlkemper,30.9,10.5,0,0
14,48,1:06,1:26,Abby Dahlkemper,North Carolina Courage,1st half,35.3,9.3,1,Denise O'Sullivan,39.5,15.8,0,0
15,51,1:08,1:28,Denise O'Sullivan,North Carolina Courage,1st half,41.8,16.3,1,Samantha Mewis,47.7,13.4,0,0
16,54,1:09,1:29,Samantha Mewis,North Carolina Courage,1st half,47.7,13.4,1,Abby Dahlkemper,34.7,15.6,0,0
17,56,1:11,1:31,Abby Dahlkemper,North Carolina Courage,1st half,34.7,15.6,1,Abby May Erceg,29.6,42.9,0,0
18,59,1:16,1:36,Abby May Erceg,North Carolina Courage,1st half,40.5,53.6,1,Jaelene Mckenzie Daniels,49.8,63.5,0,0
19,61,1:18,1:38,Jaelene Mckenzie Daniels,North Carolina Courage,1st half,47.7,62.7,0,Samantha Kerr,57.5,51.0,0,0
20,68,1:21,1:41,Denise O'Sullivan,North Carolina Courage,1st half,50.6,57.0,1,Abby May Erceg,36.5,56.5,0,0
21,72,1:24,1:44,Abby May Erceg,North Carolina Courage,1st half,32.8,52.0,1,Abby Dahlkemper,35.5,31.6,0,0
22,74,1:27,1:47,Abby Dahlkemper,North Carolina Courage,1st half,39.5,24.9,1,Heather Ann OReilly,64.9,1.7,0,0
23,79,1:32,1:52,Heather Ann OReilly,North Carolina Courage,1st half,67.8,1.7,0,Casey Short,79.0,2.9,0,0
24,83,1:34,1:54,Casey Short,Chicago Red Stars,1st half,26.0,65.1,1,Yuki Ogimi-Nagasato,37.2,65.8,0,0
25,86,1:35,1:55,Yuki Ogimi-Nagasato,Chicago Red Stars,1st half,37.2,65.8,1,Morgan Gautrat,28.8,57.5,0,0
26,89,1:38,1:58,Morgan Gautrat,Chicago Red Stars,1st half,29.0,62.0,1,Casey Short,27.7,67.0,0,0
27,94,1:42,2:02,Casey Short,Chicago Red Stars,1st half,41.0,66.1,1,Yuki Ogimi-Nagasato,44.9,67.0,0,0
28,96,1:43,2:03,Yuki Ogimi-Nagasato,Chicago Red Stars,1st half,45.6,65.4,1,Casey Short,61.1,65.1,0,0
29,102,1:49,2:09,Casey Short,Chicago Red Stars,1st half,82.9,63.2,0,Abby May Erceg,93.0,35.4,1,0
30,123,2:05,2:25,Heather Ann OReilly,North Carolina Courage,1st half,2.1,4.1,0,Casey Short,31.9,0.0,0,0
31,126,2:24,2:44,Casey Short,Chicago Red Stars,1st half,73.1,68.0,1,Yuki Ogimi-Nagasato,79.8,63.9,0,0
32,130,2:27,2:47,Yuki Ogimi-Nagasato,Chicago Red Stars,1st half,76.7,63.5,0,Crystal Alyssia Dunn,71.4,64.6,0,0
33,136,2:30,2:50,Heather Ann OReilly,North Carolina Courage,1st half,24.8,2.4,1,Abby Dahlkemper,10.3,8.1,0,0
34,138,2:32,2:52,Abby Dahlkemper,North Carolina Courage,1st half,10.3,8.1,0,Kathleen Camille Naughton,42.4,7.9,0,0
35,142,2:33,2:53,Kathleen Camille Naughton,Chicago Red Stars,1st half,62.6,60.1,0,Crystal Alyssia Dunn,72.0,59.9,0,0
36,147,2:37,2:57,Crystal Alyssia Dunn,North Carolina Courage,1st half,37.2,6.5,0,Casey Short,59.6,0.0,0,0
37,151,2:55,3:15,Casey Short,Chicago Red Stars,1st half,45.4,68.0,1,Yuki Ogimi-Nagasato,57.3,66.3,0,0
38,153,2:59,3:19,Yuki Ogimi-Nagasato,Chicago Red Stars,1st half,56.9,60.3,1,Vanessa Sue Di Bernardo,50.6,54.6,0,0
39,157,3:01,3:21,Vanessa Sue Di Bernardo,Chicago Red Stars,1st half,45.4,54.8,1,Sarah Gorden,47.7,16.0,0,0
40,160,3:05,3:25,Sarah Gorden,Chicago Red Stars,1st half,58.8,16.5,1,Savannah McCaskill,80.2,15.8,0,0
41,168,3:11,3:31,Jaelene Mckenzie Daniels,North Carolina Courage,1st half,14.5,59.4,1,Jessica Marie McDonald,94.5,9.1,0,0
42,170,3:13,4:03,Jessica Marie McDonald,North Carolina Courage,1st half,94.5,9.1,1,Debinha,100.6,33.5,0,0
43,172,3:13,3:33,Denise O'Sullivan,North Carolina Courage,1st half,14.1,49.3,1,Debinha,34.2,61.8,0,0
44,173,3:16,3:36,Debinha,North Carolina Courage,1st half,34.2,61.8,1,Lynn Williams,46.0,54.1,0,0
45,180,3:25,3:45,Lynn Williams,North Carolina Courage,1st half,77.3,33.3,1,Jessica Marie McDonald,94.5,9.1,0,0
46,199,4:32,4:52,Morgan Gautrat,Chicago Red Stars,1st half,45.6,19.6,0,Jaelene Mckenzie Daniels,68.9,0.0,0,0
47,201,4:39,4:59,Jaelene Mckenzie Daniels,North Carolina Courage,1st half,36.1,68.0,1,Stephanie Labbe,18.1,35.2,0,0
48,202,4:46,5:06,Stephanie Labbe,North Carolina Courage,1st half,18.1,35.2,1,Abby Dahlkemper,40.5,11.5,0,0
49,203,4:52,5:12,Abby Dahlkemper,North Carolina Courage,1st half,40.5,11.5,1,Crystal Alyssia Dunn,44.3,14.6,0,0
50,205,4:52,5:12,Crystal Alyssia Dunn,North Carolina Courage,1st half,48.7,10.8,0,Vanessa Sue Di Bernardo,44.3,14.6,0,0
51,209,4:55,5:15,Vanessa Sue Di Bernardo,Chicago Red Stars,1st half,57.5,49.6,0,Jaelene Mckenzie Daniels,54.2,2.4,0,0
52,213,5:16,5:36,Sarah Gorden,Chicago Red Stars,1st half,56.1,0.0,0,Jaelene Mckenzie Daniels,72.0,8.4,0,0
53,216,5:18,5:38,Jaelene Mckenzie Daniels,North Carolina Courage,1st half,33.0,59.6,1,Samantha Mewis,37.4,49.1,0,0
54,219,5:20,5:40,Samantha Mewis,North Carolina Courage,1st half,37.4,49.1,1,Lynn Williams,62.0,57.9,0,0
55,223,5:24,5:44,Lynn Williams,North Carolina Courage,1st half,72.4,45.3,1,Jessica Marie McDonald,80.4,50.0,0,0
56,225,5:29,5:49,Jessica Marie McDonald,North Carolina Courage,1st half,83.4,47.2,1,Crystal Alyssia Dunn,81.5,34.0,0,0
57,231,5:32,5:52,Crystal Alyssia Dunn,North Carolina Courage,1st half,79.8,35.2,0,Alyssa Naeher,92.0,47.4,0,0
58,237,5:57,6:17,Alyssa Naeher,Chicago Red Stars,1st half,13.0,20.6,1,Casey Short,40.3,61.3,0,0
59,239,5:59,6:19,Casey Short,Chicago Red Stars,1st half,40.3,61.3,0,Abby Dahlkemper,71.4,62.0,0,0
60,242,6:05,6:25,Abby Dahlkemper,North Carolina Courage,1st half,25.6,5.0,1,Stephanie Labbe,8.4,18.9,0,0
61,243,6:07,6:27,Stephanie Labbe,North Carolina Courage,1st half,8.4,18.9,1,Jessica Marie McDonald,35.3,6.9,0,0
62,244,6:12,6:32,Jessica Marie McDonald,North Carolina Courage,1st half,35.3,6.9,1,Samantha Mewis,66.4,0.0,0,0
63,246,6:14,6:34,Samantha Mewis,North Carolina Courage,1st half,31.5,13.9,0,Kathleen Camille Naughton,77.7,0.0,0,0
64,247,6:23,6:43,Kathleen Camille Naughton,Chicago Red Stars,1st half,27.3,68.0,1,Alyssa Naeher,6.9,55.8,0,0
65,248,6:26,6:46,Alyssa Naeher,Chicago Red Stars,1st half,6.9,55.8,1,Kathleen Camille Naughton,28.8,63.2,0,0
66,249,6:28,6:48,Kathleen Camille Naughton,Chicago Red Stars,1st half,28.8,63.2,1,Casey Short,40.3,64.6,0,0
67,250,6:30,6:50,Casey Short,Chicago Red Stars,1st half,40.3,64.6,1,Danielle Colaprico,38.6,57.9,0,0
68,253,6:30,6:50,Crystal Alyssia Dunn,North Carolina Courage,1st half,66.4,10.1,1,Heather Ann OReilly,60.3,2.4,0,0
69,258,6:34,6:54,Heather Ann OReilly,North Carolina Courage,1st half,59.4,6.5,1,Samantha Mewis,47.2,15.1,0,0
70,261,6:36,6:56,Samantha Mewis,North Carolina Courage,1st half,47.2,15.1,1,Abby May Erceg,37.4,47.6,0,0
71,263,6:39,6:59,Abby May Erceg,North Carolina Courage,1st half,41.2,54.1,1,Jaelene Mckenzie Daniels,50.4,63.2,0,0
72,267,6:42,7:02,Jaelene Mckenzie Daniels,North Carolina Courage,1st half,48.9,63.5,0,Savannah McCaskill,58.4,63.0,0,0
73,270,6:57,7:17,Jaelene Mckenzie Daniels,North Carolina Courage,1st half,56.9,68.0,1,Abby May Erceg,42.4,59.9,0,0
74,274,7:00,7:20,Abby May Erceg,North Carolina Courage,1st half,38.6,57.0,1,Abby Dahlkemper,41.6,20.4,0,0
75,278,7:06,7:26,Abby Dahlkemper,North Carolina Courage,1st half,51.0,13.6,0,Kathleen Camille Naughton,78.3,13.2,0,0
76,280,7:08,7:28,Kathleen Camille Naughton,Chicago Red Stars,1st half,26.7,54.8,1,Danielle Colaprico,25.6,68.0,0,0
77,284,7:10,7:30,Danielle Colaprico,Chicago Red Stars,1st half,28.4,55.3,0,Jessica Marie McDonald,25.2,68.0,0,0
78,285,7:38,7:58,Jessica Marie McDonald,North Carolina Courage,1st half,79.8,0.0,1,Samantha Mewis,96.4,23.0,0,0
79,297,8:08,8:28,Alyssa Naeher,Chicago Red Stars,1st half,5.2,31.6,1,Savannah McCaskill,55.2,27.3,0,0
80,307,8:13,8:33,Samantha Mewis,North Carolina Courage,1st half,47.5,30.6,0,Sarah Gorden,34.2,68.0,0,0
81,311,8:36,8:56,Sarah Gorden,Chicago Red Stars,1st half,70.8,0.0,1,Savannah McCaskill,75.6,5.0,0,0
82,313,8:38,8:58,Savannah McCaskill,Chicago Red Stars,1st half,72.4,5.3,1,Morgan Gautrat,69.9,13.2,0,0
83,317,8:40,9:00,Morgan Gautrat,Chicago Red Stars,1st half,67.6,12.5,1,Julie Beth Ertz,49.3,11.3,0,0
84,320,8:42,9:02,Julie Beth Ertz,Chicago Red Stars,1st half,51.9,12.0,1,Casey Short,59.2,52.4,0,0
85,322,8:47,9:07,Casey Short,Chicago Red Stars,1st half,64.7,53.4,0,Abby May Erceg,93.0,28.7,0,0
86,328,8:53,9:13,Jaelene Mckenzie Daniels,North Carolina Courage,1st half,8.8,63.2,1,Debinha,28.3,59.9,0,0
87,330,8:56,9:16,Debinha,North Carolina Courage,1st half,28.3,59.9,1,Denise O'Sullivan,32.6,47.2,0,0
88,331,8:59,9:19,Denise O'Sullivan,North Carolina Courage,1st half,32.6,47.2,1,Crystal Alyssia Dunn,48.5,33.5,0,0
89,332,9:00,9:20,Casey Short,Chicago Red Stars,1st half,56.5,34.5,1,Vanessa Sue Di Bernardo,68.7,29.2,0,0
90,338,9:02,9:22,Vanessa Sue Di Bernardo,Chicago Red Stars,1st half,68.7,29.2,1,Samantha Kerr,77.5,30.9,0,0
91,342,9:03,9:23,Samantha Kerr,Chicago Red Stars,1st half,78.8,35.2,0,Heather Ann OReilly,72.4,48.6,0,0
92,344,9:06,9:26,Heather Ann OReilly,North Carolina Courage,1st half,32.6,19.4,1,Crystal Alyssia Dunn,37.8,27.8,0,0
93,352,9:09,9:29,Danielle Colaprico,Chicago Red Stars,1st half,70.8,45.3,1,Yuki Ogimi-Nagasato,78.5,55.5,0,0
94,358,9:12,9:32,Yuki Ogimi-Nagasato,Chicago Red Stars,1st half,85.7,60.8,1,Samantha Kerr,93.7,31.4,1,0
95,365,9:14,9:34,Abby Dahlkemper,North Carolina Courage,1st half,8.0,32.3,1,Denise O'Sullivan,12.4,41.4,0,0
96,367,9:17,9:37,Denise O'Sullivan,North Carolina Courage,1st half,12.4,41.4,1,Jaelene Mckenzie Daniels,13.4,58.7,0,0
97,368,9:20,9:40,Jaelene Mckenzie Daniels,North Carolina Courage,1st half,13.4,58.7,1,Lynn Williams,44.5,58.4,0,0
98,378,9:28,9:48,Morgan Gautrat,Chicago Red Stars,1st half,67.2,29.2,1,Danielle Colaprico,59.0,34.2,0,0
99,381,9:31,9:51,Danielle Colaprico,Chicago Red Stars,1st half,56.1,35.2,1,Julie Beth Ertz,47.2,25.4,0,0
100,384,9:33,9:53,Julie Beth Ertz,Chicago Red Stars,1st half,47.5,24.9,1,Casey Short,62.4,57.2,0,0
101,389,9:50,10:10,Heather Ann OReilly,North Carolina Courage,1st half,35.9,0.0,1,Abby Dahlkemper,26.9,10.3,0,0
102,391,9:50,10:10,Abby Dahlkemper,North Carolina Courage,1st half,26.9,10.3,1,Abby May Erceg,28.1,35.4,0,0
103,394,9:54,10:14,Abby May Erceg,North Carolina Courage,1st half,30.9,40.7,1,Denise O'Sullivan,38.2,59.4,0,0
104,398,9:56,10:16,Denise O'Sullivan,North Carolina Courage,1st half,41.2,61.5,1,Jaelene Mckenzie Daniels,58.8,65.4,0,0
105,400,9:58,10:18,Jaelene Mckenzie Daniels,North Carolina Courage,1st half,58.8,65.4,1,Debinha,64.5,56.5,0,0
106,403,10:00,10:20,Debinha,North Carolina Courage,1st half,68.7,62.5,1,Jaelene Mckenzie Daniels,80.0,59.1,0,0
107,405,10:02,10:22,Jaelene Mckenzie Daniels,North Carolina Courage,1st half,80.0,59.1,1,Jessica Marie McDonald,82.3,47.2,0,0
108,406,10:03,10:23,Jessica Marie McDonald,North Carolina Courage,1st half,82.3,47.2,1,Debinha,79.2,52.7,0,0
109,410,10:07,10:27,Debinha,North Carolina Courage,1st half,79.0,35.4,1,Crystal Alyssia Dunn,76.0,30.4,0,0
110,413,10:09,10:29,Crystal Alyssia Dunn,North Carolina Courage,1st half,76.7,33.5,1,Samantha Mewis,70.6,32.6,0,0
111,417,10:11,10:31,Samantha Mewis,North Carolina Courage,1st half,73.3,27.3,1,Heather Ann OReilly,69.3,5.0,0,0
112,420,10:16,10:36,Heather Ann OReilly,North Carolina Courage,1st half,66.6,13.6,1,Samantha Mewis,67.2,20.8,0,0
113,422,10:18,10:38,Samantha Mewis,North Carolina Courage,1st half,69.1,18.2,1,Crystal Alyssia Dunn,74.1,6.0,0,0
114,426,10:20,10:40,Crystal Alyssia Dunn,North Carolina Courage,1st half,65.5,10.3,1,Samantha Mewis,60.1,17.0,0,0
115,429,10:23,10:43,Samantha Mewis,North Carolina Courage,1st half,59.8,19.2,1,Denise O'Sullivan,57.5,44.1,0,0
116,432,10:25,10:45,Denise O'Sullivan,North Carolina Courage,1st half,60.9,48.1,1,Jaelene Mckenzie Daniels,70.1,58.9,0,0
117,434,10:31,10:51,Jaelene Mckenzie Daniels,North Carolina Courage,1st half,60.7,51.2,1,Abby May Erceg,47.2,51.2,0,0
118,437,10:33,10:53,Abby May Erceg,North Carolina Courage,1st half,46.2,50.5,1,Abby Dahlkemper,51.7,19.4,0,0
119,440,10:38,10:58,Abby Dahlkemper,North Carolina Courage,1st half,61.1,15.6,1,Heather Ann OReilly,79.2,2.4,0,0
120,444,10:42,11:02,Heather Ann OReilly,North Carolina Courage,1st half,70.3,8.9,1,Abby Dahlkemper,59.2,11.7,0,0
121,447,10:47,11:07,Abby Dahlkemper,North Carolina Courage,1st half,72.0,12.0,0,Vanessa Sue Di Bernardo,74.8,15.3,0,0
122,454,10:50,11:10,Abby Dahlkemper,North Carolina Courage,1st half,67.2,11.7,1,Heather Ann OReilly,63.0,3.4,0,0
123,456,10:51,11:11,Heather Ann OReilly,North Carolina Courage,1st half,63.0,3.4,1,Lynn Williams,82.5,9.8,0,0
124,464,10:54,11:14,Lynn Williams,North Carolina Courage,1st half,82.5,9.8,0,Julie Beth Ertz,91.8,23.9,0,0
125,470,11:22,11:42,Jessica Marie McDonald,North Carolina Courage,1st half,93.7,0.0,0,Kathleen Camille Naughton,100.8,25.6,0,0
126,474,11:59,12:19,Heather Ann OReilly,North Carolina Courage,1st half,105.0,0.0,1,Abby May Erceg,91.6,37.1,0,0
127,479,12:01,12:21,Abby May Erceg,North Carolina Courage,1st half,91.6,37.1,1,Lynn Williams,97.2,36.6,0,0
128,496,12:13,12:33,Abby Dahlkemper,North Carolina Courage,1st half,64.7,11.0,0,Alyssa Naeher,99.8,36.2,0,0
129,499,12:18,12:38,Alyssa Naeher,Chicago Red Stars,1st half,8.0,25.4,1,Savannah McCaskill,50.4,7.9,0,0
130,502,12:22,12:42,Savannah McCaskill,Chicago Red Stars,1st half,22.5,7.7,0,Denise O'Sullivan,50.4,7.9,0,0
131,507,12:29,12:49,Jaelene Mckenzie Daniels,North Carolina Courage,1st half,33.8,57.0,1,Denise O'Sullivan,46.2,60.8,0,0
132,511,12:32,12:52,Denise O'Sullivan,North Carolina Courage,1st half,43.5,59.4,1,Abby May Erceg,38.8,48.6,0,0
133,514,12:34,12:54,Abby May Erceg,North Carolina Courage,1st half,38.2,46.0,1,Abby Dahlkemper,36.1,16.0,0,0
134,517,12:38,12:58,Abby Dahlkemper,North Carolina Courage,1st half,38.8,10.8,0,Julie Beth Ertz,97.7,27.3,0,0
135,528,13:05,13:25,Lynn Williams,North Carolina Courage,1st half,96.0,18.0,1,Jessica Marie McDonald,96.6,27.5,0,0
136,532,13:06,13:26,Jessica Marie McDonald,North Carolina Courage,1st half,98.3,30.2,1,Crystal Alyssia Dunn,92.4,31.1,0,0
137,542,13:08,13:28,Kathleen Camille Naughton,Chicago Red Stars,1st half,7.3,46.5,0,Samantha Mewis,29.6,37.4,0,0
138,545,13:13,13:33,Samantha Mewis,North Carolina Courage,1st half,77.5,32.8,1,Debinha,81.9,37.1,0,0
139,546,13:15,13:35,Debinha,North Carolina Courage,1st half,81.9,37.1,0,Danielle Colaprico,84.6,32.6,0,0
140,548,13:16,13:36,Danielle Colaprico,Chicago Red Stars,1st half,20.4,35.4,1,Sarah Gorden,26.0,25.4,0,0
141,550,13:18,13:38,Sarah Gorden,Chicago Red Stars,1st half,26.0,25.4,1,Morgan Gautrat,29.0,24.7,0,0
142,551,13:21,13:41,Morgan Gautrat,Chicago Red Stars,1st half,29.0,24.7,1,Danielle Colaprico,27.9,27.1,0,0
143,552,13:24,13:44,Danielle Colaprico,Chicago Red Stars,1st half,27.9,27.1,0,Denise O'Sullivan,66.6,6.7,0,0
144,555,13:29,13:49,Denise O'Sullivan,North Carolina Courage,1st half,38.4,61.3,1,Abby May Erceg,26.5,50.5,0,0
145,558,13:32,13:52,Abby May Erceg,North Carolina Courage,1st half,26.2,46.0,1,Abby Dahlkemper,32.1,27.1,0,0
146,562,13:35,13:55,Abby Dahlkemper,North Carolina Courage,1st half,31.1,21.3,1,Samantha Mewis,47.5,26.3,0,0
147,564,13:37,13:57,Samantha Mewis,North Carolina Courage,1st half,45.8,20.8,1,Abby Dahlkemper,36.8,9.6,0,0
148,568,13:42,14:02,Abby Dahlkemper,North Carolina Courage,1st half,49.1,11.0,1,Lynn Williams,68.5,13.2,0,0
149,579,14:25,14:45,Alyssa Naeher,Chicago Red Stars,1st half,5.0,35.0,1,Savannah McCaskill,47.9,19.6,0,0
150,585,14:29,14:49,Savannah McCaskill,Chicago Red Stars,1st half,49.6,21.8,1,Samantha Kerr,59.0,22.3,0,0
151,591,14:34,14:54,Samantha Kerr,Chicago Red Stars,1st half,74.8,12.2,0,Stephanie Labbe,93.2,36.2,0,0
152,596,14:38,14:58,Stephanie Labbe,North Carolina Courage,1st half,12.4,28.0,1,Heather Ann OReilly,43.7,3.6,0,0
153,600,14:48,15:08,Heather Ann OReilly,North Carolina Courage,1st half,71.2,9.3,1,Jessica Marie McDonald,104.8,23.5,0,0
154,607,14:52,15:12,Jessica Marie McDonald,North Carolina Courage,1st half,96.6,3.6,0,Alyssa Naeher,100.0,40.5,1,0
155,611,15:16,15:36,Alyssa Naeher,Chicago Red Stars,1st half,5.0,27.5,1,Julie Beth Ertz,8.8,12.0,0,0
156,614,15:17,15:37,Julie Beth Ertz,Chicago Red Stars,1st half,8.8,12.0,1,Alyssa Naeher,6.3,29.2,0,0
157,616,15:18,15:38,Alyssa Naeher,Chicago Red Stars,1st half,6.3,29.2,0,Jaelene Mckenzie Daniels,39.1,6.9,0,0
158,621,15:22,15:42,Jaelene Mckenzie Daniels,North Carolina Courage,1st half,69.5,59.1,0,Sarah Gorden,77.5,62.7,0,0
159,627,15:33,15:53,Jaelene Mckenzie Daniels,North Carolina Courage,1st half,79.6,68.0,1,Crystal Alyssia Dunn,77.3,59.6,0,0
160,634,15:35,15:55,Savannah McCaskill,Chicago Red Stars,1st half,24.6,11.3,1,Sarah Gorden,20.8,10.3,0,0
161,637,15:37,15:57,Sarah Gorden,Chicago Red Stars,1st half,23.5,10.1,0,Lynn Williams,26.5,9.8,0,0
162,641,15:41,16:01,Lynn Williams,North Carolina Courage,1st half,84.4,63.7,1,Debinha,79.2,49.8,0,0
163,644,15:43,16:03,Debinha,North Carolina Courage,1st half,79.8,53.9,1,Jaelene Mckenzie Daniels,73.3,63.2,0,0
164,647,15:45,16:05,Jaelene Mckenzie Daniels,North Carolina Courage,1st half,67.4,58.2,1,Abby May Erceg,49.6,58.7,0,0
165,650,15:48,16:08,Abby May Erceg,North Carolina Courage,1st half,45.4,56.3,1,Abby Dahlkemper,45.6,17.5,0,0
166,654,15:52,16:12,Abby Dahlkemper,North Carolina Courage,1st half,59.0,18.4,1,Denise O'Sullivan,69.5,38.5,0,0
167,656,15:54,16:14,Denise O'Sullivan,North Carolina Courage,1st half,68.5,39.5,1,Debinha,72.7,31.4,0,0
168,663,15:56,16:16,Danielle Colaprico,Chicago Red Stars,1st half,35.5,29.9,1,Morgan Gautrat,40.5,15.3,0,0
169,665,15:59,16:19,Morgan Gautrat,Chicago Red Stars,1st half,37.6,16.3,1,Savannah McCaskill,32.8,13.6,0,0
170,669,16:01,16:21,Savannah McCaskill,Chicago Red Stars,1st half,37.6,17.7,1,Yuki Ogimi-Nagasato,75.4,64.6,0,0
171,677,16:11,16:31,Heather Ann OReilly,North Carolina Courage,1st half,9.9,10.5,1,Samantha Mewis,4.2,18.2,0,0
172,678,16:14,16:34,Samantha Mewis,North Carolina Courage,1st half,4.2,18.2,0,Yuki Ogimi-Nagasato,6.7,16.5,0,0
173,681,16:16,16:36,Abby Dahlkemper,North Carolina Courage,1st half,9.9,19.9,0,Vanessa Sue Di Bernardo,12.4,18.2,0,0
174,687,16:18,16:38,Denise O'Sullivan,North Carolina Courage,1st half,21.4,32.6,0,Julie Beth Ertz,65.7,31.8,0,0
175,690,16:27,16:47,Julie Beth Ertz,Chicago Red Stars,1st half,47.0,34.0,1,Sarah Gorden,38.4,12.5,0,0
176,692,16:30,16:50,Sarah Gorden,Chicago Red Stars,1st half,33.6,16.0,1,Alyssa Naeher,19.5,33.8,0,0
177,696,16:35,16:55,Alyssa Naeher,Chicago Red Stars,1st half,20.6,33.0,1,Julie Beth Ertz,32.3,33.3,0,0
178,698,16:38,16:58,Julie Beth Ertz,Chicago Red Stars,1st half,27.7,27.8,1,Sarah Gorden,37.4,5.7,0,0
179,702,16:44,17:04,Sarah Gorden,Chicago Red Stars,1st half,55.7,5.0,1,Samantha Kerr,79.2,22.0,0,0
180,708,16:48,17:08,Abby May Erceg,North Carolina Courage,1st half,29.0,47.6,1,Denise O'Sullivan,31.5,51.2,0,0
181,709,16:49,17:09,Denise O'Sullivan,North Carolina Courage,1st half,31.5,51.2,1,Jaelene Mckenzie Daniels,28.8,62.3,0,0
182,710,16:51,17:11,Jaelene Mckenzie Daniels,North Carolina Courage,1st half,28.8,62.3,1,Denise O'Sullivan,38.4,53.6,0,0
183,711,16:53,17:13,Denise O'Sullivan,North Carolina Courage,1st half,38.4,53.6,1,Debinha,50.2,52.2,0,0
184,712,16:54,17:14,Debinha,North Carolina Courage,1st half,50.2,52.2,0,Kathleen Camille Naughton,68.0,44.3,0,0
185,716,16:57,17:17,Kathleen Camille Naughton,Chicago Red Stars,1st half,41.4,21.8,1,Morgan Gautrat,48.5,23.9,0,0
186,719,16:58,17:18,Morgan Gautrat,Chicago Red Stars,1st half,47.5,24.4,1,Vanessa Sue Di Bernardo,60.1,19.9,0,0
187,728,17:03,17:23,Danielle Colaprico,Chicago Red Stars,1st half,48.7,26.1,1,Casey Short,52.5,51.5,0,0
188,732,17:10,17:30,Casey Short,Chicago Red Stars,1st half,77.5,57.7,1,Yuki Ogimi-Nagasato,80.4,66.8,0,0
189,736,17:14,17:34,Yuki Ogimi-Nagasato,Chicago Red Stars,1st half,79.2,65.6,1,Vanessa Sue Di Bernardo,81.7,49.1,0,0
190,739,17:17,17:37,Vanessa Sue Di Bernardo,Chicago Red Stars,1st half,80.2,54.4,0,Heather Ann OReilly,93.0,68.0,0,0
191,741,17:43,18:03,Heather Ann OReilly,North Carolina Courage,1st half,12.0,0.0,1,Jessica Marie McDonald,22.5,4.5,0,0
192,748,17:48,18:08,Heather Ann OReilly,North Carolina Courage,1st half,3.8,3.4,0,Yuki Ogimi-Nagasato,9.4,3.4,0,0
193,754,17:50,18:10,Yuki Ogimi-Nagasato,Chicago Red Stars,1st half,98.5,65.1,0,Stephanie Labbe,99.8,33.0,0,0
194,755,18:02,18:22,Stephanie Labbe,North Carolina Courage,1st half,5.2,35.0,1,Abby Dahlkemper,13.7,34.5,0,0
195,760,18:03,18:23,Abby Dahlkemper,North Carolina Courage,1st half,19.9,25.6,1,Samantha Mewis,27.9,14.8,0,0
196,763,18:07,18:27,Samantha Mewis,North Carolina Courage,1st half,31.9,15.6,1,Heather Ann OReilly,46.2,8.4,0,0
197,766,18:10,18:30,Heather Ann OReilly,North Carolina Courage,1st half,50.0,9.6,1,Jessica Marie McDonald,67.4,1.2,0,0
198,768,18:12,18:32,Jessica Marie McDonald,North Carolina Courage,1st half,67.4,1.2,0,Kathleen Camille Naughton,76.0,8.1,0,0
199,773,18:34,18:54,Jessica Marie McDonald,North Carolina Courage,1st half,78.3,0.0,0,Kathleen Camille Naughton,92.2,21.5,0,0
200,782,18:39,18:59,Debinha,North Carolina Courage,1st half,78.8,32.3,0,Savannah McCaskill,68.9,40.7,0,0
201,784,18:42,19:02,Savannah McCaskill,Chicago Red Stars,1st half,36.1,27.3,1,Samantha Kerr,65.7,30.9,0,0
202,795,18:50,19:10,Jaelene Mckenzie Daniels,North Carolina Courage,1st half,19.5,43.8,1,Stephanie Labbe,10.1,32.3,0,0
203,796,18:55,19:15,Stephanie Labbe,North Carolina Courage,1st half,10.1,32.3,1,Abby Dahlkemper,35.1,12.0,0,0
204,797,19:00,19:20,Abby Dahlkemper,North Carolina Courage,1st half,35.1,12.0,1,Samantha Mewis,91.3,31.6,0,0
205,800,19:04,19:24,Samantha Mewis,North Carolina Courage,1st half,47.2,8.4,0,Alyssa Naeher,91.4,31.6,0,0
206,803,19:10,19:30,Alyssa Naeher,Chicago Red Stars,1st half,14.1,33.0,1,Morgan Gautrat,27.5,36.9,0,0
207,806,19:15,19:35,Morgan Gautrat,Chicago Red Stars,1st half,32.1,38.8,1,Yuki Ogimi-Nagasato,47.0,55.8,0,0
208,811,19:17,19:37,Yuki Ogimi-Nagasato,Chicago Red Stars,1st half,45.8,53.2,1,Samantha Kerr,80.2,42.9,0,0
209,822,19:39,19:59,Stephanie Labbe,North Carolina Courage,1st half,5.7,36.2,1,Abby Dahlkemper,24.4,19.6,0,0
210,824,19:40,20:00,Abby Dahlkemper,North Carolina Courage,1st half,23.5,21.1,1,Abby May Erceg,23.5,49.3,0,0
211,827,19:45,20:05,Abby May Erceg,North Carolina Courage,1st half,22.3,43.3,1,Abby Dahlkemper,26.0,20.4,0,0
212,830,19:48,20:08,Abby Dahlkemper,North Carolina Courage,1st half,32.1,17.2,1,Samantha Mewis,45.2,4.8,0,0
213,833,19:51,20:11,Samantha Mewis,North Carolina Courage,1st half,44.9,5.3,1,Heather Ann OReilly,59.0,1.9,0,0
214,837,19:55,20:15,Heather Ann OReilly,North Carolina Courage,1st half,48.9,5.5,1,Samantha Mewis,44.3,0.7,0,0
215,840,19:56,20:16,Samantha Mewis,North Carolina Courage,1st half,44.9,4.3,1,Jessica Marie McDonald,60.5,4.5,0,0
216,850,20:01,20:21,Jessica Marie McDonald,North Carolina Courage,1st half,82.5,5.3,0,Julie Beth Ertz,96.4,28.0,1,0
217,855,20:04,20:24,Kathleen Camille Naughton,Chicago Red Stars,1st half,12.6,48.4,1,Vanessa Sue Di Bernardo,34.2,39.5,0,0
218,859,20:07,20:27,Vanessa Sue Di Bernardo,Chicago Red Stars,1st half,30.5,33.8,0,Denise O'Sullivan,34.2,39.5,0,0
219,863,20:10,20:30,Denise O'Sullivan,North Carolina Courage,1st half,68.2,26.1,1,Samantha Mewis,61.7,22.3,0,0
220,866,20:15,20:35,Samantha Mewis,North Carolina Courage,1st half,70.6,14.1,1,Heather Ann OReilly,79.6,2.2,0,0
221,868,20:21,20:41,Heather Ann OReilly,North Carolina Courage,1st half,76.7,6.0,0,Danielle Colaprico,78.1,11.3,0,0
222,876,20:23,20:43,Yuki Ogimi-Nagasato,Chicago Red Stars,1st half,29.2,53.4,1,Danielle Colaprico,23.5,56.3,0,0
223,879,20:26,20:46,Danielle Colaprico,Chicago Red Stars,1st half,27.1,58.7,1,Casey Short,34.4,65.8,0,0
224,882,20:28,20:48,Casey Short,Chicago Red Stars,1st half,37.0,63.7,1,Samantha Kerr,56.7,50.8,0,0
225,889,20:33,20:53,Samantha Mewis,North Carolina Courage,1st half,58.4,14.1,0,Casey Short,66.6,9.1,0,0
226,892,20:34,20:54,Casey Short,Chicago Red Stars,1st half,38.4,58.9,0,Heather Ann OReilly,42.6,59.6,0,0
227,897,20:35,20:55,Casey Short,Chicago Red Stars,1st half,41.0,57.0,1,Yuki Ogimi-Nagasato,49.3,56.7,0,0
228,899,20:36,20:56,Yuki Ogimi-Nagasato,Chicago Red Stars,1st half,49.3,56.7,1,Casey Short,72.9,58.2,0,0
229,901,20:38,20:58,Casey Short,Chicago Red Stars,1st half,52.3,63.2,0,Abby Dahlkemper,72.9,58.2,0,0
230,903,20:40,21:00,Abby Dahlkemper,North Carolina Courage,1st half,32.1,9.8,1,Samantha Mewis,45.2,8.1,0,0
231,908,20:45,21:05,Samantha Mewis,North Carolina Courage,1st half,55.0,14.6,1,Jessica Marie McDonald,93.2,6.5,0,0
232,916,20:53,21:13,Jessica Marie McDonald,North Carolina Courage,1st half,100.6,17.2,0,Julie Beth Ertz,98.9,33.0,1,0
233,924,20:56,21:16,Julie Beth Ertz,Chicago Red Stars,1st half,9.9,39.7,1,Vanessa Sue Di Bernardo,25.6,32.1,0,0
234,926,20:58,21:18,Vanessa Sue Di Bernardo,Chicago Red Stars,1st half,25.6,32.1,1,Savannah McCaskill,26.9,7.2,0,0
235,929,21:03,21:23,Savannah McCaskill,Chicago Red Stars,1st half,30.7,9.1,1,Morgan Gautrat,23.3,19.2,0,0
236,932,21:08,21:28,Morgan Gautrat,Chicago Red Stars,1st half,26.0,18.4,1,Savannah McCaskill,36.5,4.5,0,0
237,935,21:12,21:32,Savannah McCaskill,Chicago Red Stars,1st half,39.3,7.4,1,Vanessa Sue Di Bernardo,35.5,17.5,0,0
238,938,21:14,21:34,Vanessa Sue Di Bernardo,Chicago Red Stars,1st half,32.3,17.7,1,Julie Beth Ertz,23.3,23.9,0,0
239,939,21:16,21:36,Julie Beth Ertz,Chicago Red Stars,1st half,23.3,23.9,1,Casey Short,37.4,55.8,0,0
240,943,21:22,21:42,Casey Short,Chicago Red Stars,1st half,39.3,54.8,1,Kathleen Camille Naughton,27.5,50.3,0,0
241,945,21:24,21:44,Kathleen Camille Naughton,Chicago Red Stars,1st half,32.3,50.8,1,Casey Short,45.4,59.9,0,0
242,949,21:27,21:47,Casey Short,Chicago Red Stars,1st half,47.9,59.4,1,Morgan Gautrat,49.6,49.8,0,0
243,951,21:30,21:50,Morgan Gautrat,Chicago Red Stars,1st half,42.8,50.3,1,Julie Beth Ertz,34.7,31.4,0,0
244,955,21:35,21:55,Julie Beth Ertz,Chicago Red Stars,1st half,39.1,33.5,1,Morgan Gautrat,46.2,40.9,0,0
245,957,21:38,21:58,Morgan Gautrat,Chicago Red Stars,1st half,47.9,35.2,0,Denise O'Sullivan,63.4,44.5,0,0
246,963,21:40,22:00,Denise O'Sullivan,North Carolina Courage,1st half,48.3,26.3,1,Samantha Mewis,47.0,35.2,0,0
247,964,21:41,22:01,Samantha Mewis,North Carolina Courage,1st half,47.0,35.2,1,Crystal Alyssia Dunn,61.1,29.9,0,0
248,968,21:43,22:03,Crystal Alyssia Dunn,North Carolina Courage,1st half,63.8,22.7,1,Debinha,72.9,18.0,0,0
249,983,21:57,22:17,Julie Beth Ertz,Chicago Red Stars,1st half,34.4,57.2,1,Danielle Colaprico,27.7,52.0,0,0
250,986,21:59,22:19,Danielle Colaprico,Chicago Red Stars,1st half,32.8,56.7,1,Yuki Ogimi-Nagasato,42.8,63.5,0,0
251,988,22:01,22:21,Yuki Ogimi-Nagasato,Chicago Red Stars,1st half,42.8,63.5,1,Julie Beth Ertz,44.7,52.9,0,0
252,991,22:02,22:22,Julie Beth Ertz,Chicago Red Stars,1st half,45.6,53.4,0,Denise O'Sullivan,48.7,55.8,0,0
253,1001,22:05,22:25,Heather Ann OReilly,North Carolina Courage,1st half,56.7,6.9,1,Crystal Alyssia Dunn,65.1,6.7,0,0
254,1003,22:08,22:28,Crystal Alyssia Dunn,North Carolina Courage,1st half,68.2,6.5,1,Lynn Williams,101.2,4.5,0,0
255,1009,22:12,22:32,Lynn Williams,North Carolina Courage,1st half,101.2,4.5,0,Kathleen Camille Naughton,90.5,0.0,1,0
256,1013,22:13,22:33,Kathleen Camille Naughton,Chicago Red Stars,1st half,9.4,36.9,0,Jessica Marie McDonald,15.3,68.0,0,0
257,1018,22:44,23:04,Jessica Marie McDonald,North Carolina Courage,1st half,89.7,0.0,1,Samantha Mewis,100.6,21.8,0,0
258,1020,22:45,23:05,Samantha Mewis,North Carolina Courage,1st half,100.6,21.8,1,Lynn Williams,100.8,29.2,0,0
259,1036,23:18,23:38,Heather Ann OReilly,North Carolina Courage,1st half,105.0,0.0,1,Denise O'Sullivan,96.4,5.3,0,0
260,1039,23:19,23:39,Denise O'Sullivan,North Carolina Courage,1st half,93.0,6.2,1,Jaelene Mckenzie Daniels,76.7,18.4,0,0
261,1047,23:35,23:55,Alyssa Naeher,Chicago Red Stars,1st half,11.1,27.3,1,Sarah Gorden,40.3,9.6,0,0
262,1048,23:38,23:58,Sarah Gorden,Chicago Red Stars,1st half,40.3,9.6,0,Samantha Mewis,63.2,12.5,0,0
263,1051,23:41,24:01,Samantha Mewis,North Carolina Courage,1st half,41.8,55.5,1,Abby May Erceg,30.7,51.5,0,0
264,1054,23:44,24:04,Abby May Erceg,North Carolina Courage,1st half,27.5,47.2,1,Abby Dahlkemper,31.3,25.4,0,0
265,1057,23:52,24:12,Abby Dahlkemper,North Carolina Courage,1st half,41.4,19.6,1,Denise O'Sullivan,47.9,22.7,0,0
266,1059,23:52,24:12,Denise O'Sullivan,North Carolina Courage,1st half,47.9,22.7,1,Abby Dahlkemper,37.4,18.2,0,0
267,1063,23:54,24:14,Abby Dahlkemper,North Carolina Courage,1st half,39.9,19.9,1,Abby May Erceg,33.6,46.0,0,0
268,1066,23:57,24:17,Abby May Erceg,North Carolina Courage,1st half,37.0,50.5,1,Samantha Mewis,46.4,61.3,0,0
269,1069,24:02,24:22,Samantha Mewis,North Carolina Courage,1st half,43.0,52.2,1,Abby Dahlkemper,44.7,22.0,0,0
270,1071,24:08,24:28,Abby Dahlkemper,North Carolina Courage,1st half,59.2,12.2,1,Heather Ann OReilly,65.7,3.1,0,0
271,1079,24:11,24:31,Heather Ann OReilly,North Carolina Courage,1st half,73.1,11.0,1,Debinha,104.2,16.3,0,0
272,1085,24:15,24:35,Debinha,North Carolina Courage,1st half,104.2,16.3,1,Crystal Alyssia Dunn,96.6,49.8,1,0
273,1092,24:20,24:40,Crystal Alyssia Dunn,North Carolina Courage,1st half,103.9,55.5,0,Kathleen Camille Naughton,101.2,27.1,1,0
274,1095,24:22,24:42,Kathleen Camille Naughton,Chicago Red Stars,1st half,3.8,40.9,1,Yuki Ogimi-Nagasato,20.6,60.8,0,0
275,1098,24:26,24:46,Yuki Ogimi-Nagasato,Chicago Red Stars,1st half,20.6,60.8,1,Vanessa Sue Di Bernardo,33.8,45.3,0,0
276,1100,24:30,24:50,Vanessa Sue Di Bernardo,Chicago Red Stars,1st half,37.4,46.7,1,Samantha Kerr,54.6,45.7,0,0
277,1103,24:32,24:52,Samantha Kerr,Chicago Red Stars,1st half,54.6,45.7,0,Heather Ann OReilly,56.7,56.3,0,0
278,1107,24:33,24:53,Heather Ann OReilly,North Carolina Courage,1st half,48.3,11.7,1,Denise O'Sullivan,65.5,22.0,0,0
279,1113,24:40,25:00,Denise O'Sullivan,North Carolina Courage,1st half,80.0,32.6,1,Jessica Marie McDonald,95.1,23.0,0,0
280,1124,24:44,25:04,Jessica Marie McDonald,North Carolina Courage,1st half,103.1,23.9,0,Alyssa Naeher,103.1,24.7,0,0
281,1130,25:22,25:42,Heather Ann OReilly,North Carolina Courage,1st half,105.0,0.0,1,Jessica Marie McDonald,93.2,38.3,0,0
282,1140,25:27,25:47,Abby May Erceg,North Carolina Courage,1st half,82.5,46.0,1,Lynn Williams,101.6,7.4,0,0
283,1143,25:28,26:18,Lynn Williams,North Carolina Courage,1st half,101.6,7.4,1,Jessica Marie McDonald,101.6,40.9,0,0
284,1152,25:33,25:53,Jaelene Mckenzie Daniels,North Carolina Courage,1st half,81.1,50.8,1,Samantha Mewis,96.6,28.0,1,0
285,1174,27:04,27:24,Julie Beth Ertz,Chicago Red Stars,1st half,34.4,24.2,1,Samantha Kerr,74.1,19.9,0,0
286,1176,27:06,27:26,Samantha Kerr,Chicago Red Stars,1st half,74.1,19.9,0,Abby May Erceg,80.8,18.9,0,0
287,1180,27:08,27:28,Abby May Erceg,North Carolina Courage,1st half,23.9,48.8,1,Stephanie Labbe,8.0,38.8,0,0
288,1181,27:11,27:31,Stephanie Labbe,North Carolina Courage,1st half,8.0,38.8,0,Morgan Gautrat,43.3,40.2,0,0
289,1184,27:13,27:33,Morgan Gautrat,Chicago Red Stars,1st half,61.7,27.8,1,Vanessa Sue Di Bernardo,73.5,32.8,0,0
290,1187,27:15,27:35,Vanessa Sue Di Bernardo,Chicago Red Stars,1st half,73.5,32.8,0,Samantha Mewis,80.0,30.9,0,0
291,1190,27:17,27:37,Samantha Mewis,North Carolina Courage,1st half,27.3,40.0,1,Jaelene Mckenzie Daniels,42.4,63.2,0,0
292,1191,27:21,27:41,Jaelene Mckenzie Daniels,North Carolina Courage,1st half,42.4,63.2,0,Sarah Gorden,58.4,68.0,0,0
293,1194,27:48,28:08,Sarah Gorden,Chicago Red Stars,1st half,46.6,0.0,1,Savannah McCaskill,57.8,6.0,0,0
294,1195,27:49,28:09,Savannah McCaskill,Chicago Red Stars,1st half,57.8,6.0,0,Samantha Mewis,62.2,12.7,0,0
295,1197,27:50,28:10,Samantha Mewis,North Carolina Courage,1st half,42.8,55.3,0,Sarah Gorden,37.8,68.0,0,0
296,1204,27:50,28:10,Sarah Gorden,Chicago Red Stars,1st half,45.8,7.7,0,Jaelene Mckenzie Daniels,75.8,0.0,0,0
297,1206,27:58,28:18,Jaelene Mckenzie Daniels,North Carolina Courage,1st half,29.2,68.0,1,Stephanie Labbe,12.8,41.2,0,0
298,1209,28:06,28:26,Stephanie Labbe,North Carolina Courage,1st half,18.9,37.4,1,Abby May Erceg,23.1,48.4,0,0
299,1213,28:08,28:28,Abby May Erceg,North Carolina Courage,1st half,26.0,53.4,1,Samantha Mewis,36.3,59.4,0,0
300,1215,28:12,28:32,Samantha Mewis,North Carolina Courage,1st half,33.0,52.9,1,Abby May Erceg,25.2,45.5,0,0
301,1219,28:15,28:35,Abby May Erceg,North Carolina Courage,1st half,26.2,42.6,1,Abby Dahlkemper,29.0,25.9,0,0
302,1221,28:19,28:39,Abby Dahlkemper,North Carolina Courage,1st half,33.4,27.8,1,Crystal Alyssia Dunn,47.2,40.5,0,0
303,1225,28:22,28:42,Crystal Alyssia Dunn,North Carolina Courage,1st half,51.7,51.7,0,Sarah Gorden,69.7,58.7,0,0
304,1227,28:24,28:44,Sarah Gorden,Chicago Red Stars,1st half,35.3,9.3,0,Samantha Mewis,52.9,8.4,0,0
305,1231,28:25,28:45,Samantha Mewis,North Carolina Courage,1st half,52.1,59.6,1,Lynn Williams,77.5,50.0,0,0
306,1239,28:28,28:48,Sarah Gorden,Chicago Red Stars,1st half,32.8,13.6,1,Danielle Colaprico,38.4,14.4,0,0
307,1243,28:30,28:50,Danielle Colaprico,Chicago Red Stars,1st half,39.7,9.6,1,Savannah McCaskill,46.6,4.8,0,0
308,1246,28:32,28:52,Savannah McCaskill,Chicago Red Stars,1st half,46.4,6.7,1,Samantha Kerr,63.0,11.5,0,0
309,1249,28:35,28:55,Samantha Kerr,Chicago Red Stars,1st half,58.8,3.8,1,Savannah McCaskill,61.1,11.7,0,0
310,1254,28:38,28:58,Crystal Alyssia Dunn,North Carolina Courage,1st half,48.1,60.6,1,Abby May Erceg,32.6,59.1,0,0
311,1259,28:40,29:00,Abby May Erceg,North Carolina Courage,1st half,32.6,59.1,1,Stephanie Labbe,7.8,43.1,0,0
312,1262,28:45,29:05,Stephanie Labbe,North Carolina Courage,1st half,7.1,46.7,1,Abby May Erceg,13.4,61.1,0,0
313,1264,28:50,29:10,Abby May Erceg,North Carolina Courage,1st half,23.5,57.9,1,Samantha Mewis,31.3,53.9,0,0
314,1266,28:51,29:11,Samantha Mewis,North Carolina Courage,1st half,31.3,53.9,1,Abby May Erceg,22.7,53.6,0,0
315,1269,28:53,29:13,Abby May Erceg,North Carolina Courage,1st half,21.6,50.3,1,Stephanie Labbe,12.0,35.2,0,0
316,1272,28:56,29:16,Stephanie Labbe,North Carolina Courage,1st half,15.1,33.0,0,Casey Short,60.3,9.3,0,0
317,1277,29:01,29:21,Casey Short,Chicago Red Stars,1st half,45.6,61.5,0,Abby Dahlkemper,81.3,65.1,0,0
318,1281,29:08,29:28,Abby Dahlkemper,North Carolina Courage,1st half,24.4,6.2,1,Stephanie Labbe,10.7,20.8,0,0
319,1283,29:12,29:32,Stephanie Labbe,North Carolina Courage,1st half,12.2,23.0,1,Abby May Erceg,22.9,50.5,0,0
320,1287,29:16,29:36,Abby May Erceg,North Carolina Courage,1st half,24.4,53.2,1,Jaelene Mckenzie Daniels,29.4,64.4,0,0
321,1289,29:19,29:39,Jaelene Mckenzie Daniels,North Carolina Courage,1st half,25.2,61.1,1,Abby May Erceg,22.1,52.7,0,0
322,1292,29:22,29:42,Abby May Erceg,North Carolina Courage,1st half,21.6,47.6,1,Stephanie Labbe,12.0,37.6,0,0
323,1295,29:26,29:46,Stephanie Labbe,North Carolina Courage,1st half,13.0,35.7,1,Denise O'Sullivan,45.6,6.0,0,0
324,1298,29:30,29:50,Denise O'Sullivan,North Carolina Courage,1st half,50.6,5.3,1,Jessica Marie McDonald,58.0,4.3,0,0
325,1302,29:33,29:53,Jessica Marie McDonald,North Carolina Courage,1st half,53.3,2.4,1,Heather Ann OReilly,42.4,3.8,0,0
326,1303,29:35,29:55,Heather Ann OReilly,North Carolina Courage,1st half,42.4,3.8,1,Denise O'Sullivan,52.1,6.0,0,0
327,1305,29:36,29:56,Denise O'Sullivan,North Carolina Courage,1st half,52.1,6.0,1,Jessica Marie McDonald,54.6,2.6,0,0
328,1307,29:37,29:57,Jessica Marie McDonald,North Carolina Courage,1st half,54.6,2.6,1,Denise O'Sullivan,54.2,8.1,0,0
329,1309,29:38,29:58,Denise O'Sullivan,North Carolina Courage,1st half,54.2,8.1,1,Jessica Marie McDonald,77.7,3.6,0,0
330,1314,29:40,30:00,Jessica Marie McDonald,North Carolina Courage,1st half,77.7,3.6,0,Julie Beth Ertz,90.9,32.1,1,0
331,1319,29:44,30:04,Julie Beth Ertz,Chicago Red Stars,1st half,8.6,43.3,1,Casey Short,25.0,58.4,0,0
332,1320,29:46,30:06,Casey Short,Chicago Red Stars,1st half,25.0,58.4,1,Morgan Gautrat,37.8,49.8,0,0
333,1321,29:50,30:10,Morgan Gautrat,Chicago Red Stars,1st half,37.8,49.8,1,Savannah McCaskill,47.2,34.7,0,0
334,1323,29:51,30:11,Savannah McCaskill,Chicago Red Stars,1st half,47.2,34.5,0,Jaelene Mckenzie Daniels,47.2,34.7,0,0
335,1334,29:58,30:18,Morgan Gautrat,Chicago Red Stars,1st half,20.4,43.1,1,Alyssa Naeher,9.2,31.1,0,0
336,1335,30:06,30:26,Alyssa Naeher,Chicago Red Stars,1st half,9.2,31.1,1,Morgan Gautrat,16.8,35.7,0,0
337,1336,30:07,30:27,Morgan Gautrat,Chicago Red Stars,1st half,16.8,35.7,1,Julie Beth Ertz,23.1,22.7,0,0
338,1337,30:12,30:32,Julie Beth Ertz,Chicago Red Stars,1st half,23.1,22.7,1,Alyssa Naeher,31.5,35.9,0,0
339,1339,32:57,33:17,Alyssa Naeher,Chicago Red Stars,1st half,31.5,35.9,1,Savannah McCaskill,78.1,25.1,0,0
340,1346,33:01,33:21,Denise O'Sullivan,North Carolina Courage,1st half,26.9,42.9,1,Lynn Williams,33.4,51.0,0,0
341,1348,33:03,33:23,Sarah Gorden,Chicago Red Stars,1st half,71.6,17.0,1,Savannah McCaskill,77.5,19.4,0,0
342,1357,33:05,33:25,Savannah McCaskill,Chicago Red Stars,1st half,78.5,18.9,1,Sarah Gorden,78.5,7.4,0,0
343,1360,33:06,33:26,Sarah Gorden,Chicago Red Stars,1st half,78.5,7.4,0,Denise O'Sullivan,81.5,12.2,1,0
344,1365,33:13,33:33,Sarah Gorden,Chicago Red Stars,1st half,80.8,0.0,1,Samantha Kerr,92.2,18.4,0,0
345,1369,33:16,33:36,Denise O'Sullivan,North Carolina Courage,1st half,15.5,54.1,1,Crystal Alyssia Dunn,29.8,35.9,0,0
346,1377,33:18,33:38,Crystal Alyssia Dunn,North Carolina Courage,1st half,29.8,35.9,0,Morgan Gautrat,29.8,35.9,0,0
347,1385,33:20,33:40,Julie Beth Ertz,Chicago Red Stars,1st half,68.0,22.0,1,Yuki Ogimi-Nagasato,89.5,31.6,0,0
348,1389,33:23,33:43,Yuki Ogimi-Nagasato,Chicago Red Stars,1st half,89.5,31.6,0,Abby May Erceg,89.5,31.6,0,0
349,1401,33:42,34:02,Abby Dahlkemper,North Carolina Courage,1st half,31.9,20.6,1,Heather Ann OReilly,59.4,2.2,0,0
350,1402,33:44,34:04,Heather Ann OReilly,North Carolina Courage,1st half,59.4,2.2,1,Jessica Marie McDonald,61.3,12.5,0,0
351,1405,33:47,34:07,Jessica Marie McDonald,North Carolina Courage,1st half,60.9,13.2,0,Morgan Gautrat,63.0,9.1,0,0
352,1409,33:48,34:08,Morgan Gautrat,Chicago Red Stars,1st half,42.0,58.9,1,Casey Short,30.0,60.1,0,0
353,1411,33:50,34:10,Casey Short,Chicago Red Stars,1st half,30.0,60.1,1,Alyssa Naeher,30.9,68.0,0,0
354,1414,33:54,34:14,Alyssa Naeher,Chicago Red Stars,1st half,9.2,45.7,0,Heather Ann OReilly,32.1,68.0,0,0
355,1415,34:04,34:24,Heather Ann OReilly,North Carolina Courage,1st half,72.9,0.0,1,Jessica Marie McDonald,78.5,4.5,0,0
356,1424,34:10,34:30,Savannah McCaskill,Chicago Red Stars,1st half,30.7,30.6,1,Danielle Colaprico,25.2,27.5,0,0
357,1427,34:12,34:32,Danielle Colaprico,Chicago Red Stars,1st half,25.2,27.5,1,Sarah Gorden,37.8,13.6,0,0
358,1451,34:29,34:49,Alyssa Naeher,Chicago Red Stars,1st half,11.8,35.9,1,Morgan Gautrat,37.8,49.8,0,0
359,1456,34:36,34:56,Morgan Gautrat,Chicago Red Stars,1st half,50.8,59.9,1,Samantha Kerr,60.7,57.2,0,0
360,1459,34:41,35:01,Samantha Kerr,Chicago Red Stars,1st half,78.3,60.6,1,Yuki Ogimi-Nagasato,81.5,65.1,0,0
361,1462,34:44,35:04,Yuki Ogimi-Nagasato,Chicago Red Stars,1st half,81.3,60.6,1,Samantha Kerr,78.5,52.4,0,0
362,1465,34:45,35:05,Samantha Kerr,Chicago Red Stars,1st half,78.5,52.4,1,Vanessa Sue Di Bernardo,76.4,58.2,0,0
363,1468,34:49,35:09,Vanessa Sue Di Bernardo,Chicago Red Stars,1st half,88.2,62.7,1,Yuki Ogimi-Nagasato,80.6,57.5,0,0
364,1470,34:50,35:10,Yuki Ogimi-Nagasato,Chicago Red Stars,1st half,81.3,56.0,1,Savannah McCaskill,84.0,50.5,0,0
365,1473,34:51,35:11,Savannah McCaskill,Chicago Red Stars,1st half,83.6,50.5,1,Samantha Kerr,80.2,38.5,0,0
366,1480,35:11,35:31,Stephanie Labbe,North Carolina Courage,1st half,5.5,33.8,1,Abby May Erceg,12.0,54.6,0,0
367,1482,35:14,35:34,Abby May Erceg,North Carolina Courage,1st half,12.0,54.6,1,Samantha Mewis,22.7,33.3,0,0
368,1483,35:17,35:37,Samantha Mewis,North Carolina Courage,1st half,22.7,33.3,1,Abby Dahlkemper,75.6,0.0,0,0
369,1485,35:21,35:41,Abby Dahlkemper,North Carolina Courage,1st half,33.8,13.6,0,Casey Short,78.8,0.0,0,0
370,1486,35:39,35:59,Casey Short,Chicago Red Stars,1st half,26.2,68.0,1,Yuki Ogimi-Nagasato,35.7,65.1,0,0
371,1487,35:43,36:03,Yuki Ogimi-Nagasato,Chicago Red Stars,1st half,35.7,65.1,1,Casey Short,25.8,65.4,0,0
372,1489,35:47,36:07,Casey Short,Chicago Red Stars,1st half,37.4,66.1,0,Heather Ann OReilly,42.0,64.9,0,0
373,1494,35:49,36:09,Samantha Mewis,North Carolina Courage,1st half,60.3,7.4,0,Kathleen Camille Naughton,82.5,6.0,0,0
374,1503,35:52,36:12,Kathleen Camille Naughton,Chicago Red Stars,1st half,24.1,61.8,1,Morgan Gautrat,28.1,57.0,0,0
375,1508,35:52,36:12,Morgan Gautrat,Chicago Red Stars,1st half,28.1,57.0,1,Kathleen Camille Naughton,20.0,62.5,0,0
376,1510,35:54,36:14,Kathleen Camille Naughton,Chicago Red Stars,1st half,23.9,61.5,1,Casey Short,38.8,67.0,0,0
377,1518,35:59,36:19,Casey Short,Chicago Red Stars,1st half,32.5,62.0,1,Kathleen Camille Naughton,21.0,59.9,0,0
378,1520,36:02,36:22,Kathleen Camille Naughton,Chicago Red Stars,1st half,19.7,61.8,1,Alyssa Naeher,4.4,39.7,0,0
379,1523,36:08,36:28,Alyssa Naeher,Chicago Red Stars,1st half,7.3,32.3,1,Julie Beth Ertz,16.6,35.7,0,0
380,1526,36:16,36:36,Julie Beth Ertz,Chicago Red Stars,1st half,16.2,26.6,1,Danielle Colaprico,17.6,2.6,0,0
381,1530,36:19,36:39,Danielle Colaprico,Chicago Red Stars,1st half,21.0,3.1,1,Sarah Gorden,28.6,3.6,0,0
382,1534,36:21,36:41,Jaelene Mckenzie Daniels,North Carolina Courage,1st half,80.6,63.2,0,Danielle Colaprico,83.6,59.6,0,0
383,1541,36:24,36:44,Denise O'Sullivan,North Carolina Courage,1st half,82.9,63.2,0,Danielle Colaprico,85.5,62.3,0,0
384,1548,36:28,36:48,Savannah McCaskill,Chicago Red Stars,1st half,37.0,6.7,1,Yuki Ogimi-Nagasato,40.3,34.7,0,0
385,1552,36:33,36:53,Yuki Ogimi-Nagasato,Chicago Red Stars,1st half,49.8,36.9,0,Abby Dahlkemper,72.2,36.4,0,0
386,1556,36:34,36:54,Abby Dahlkemper,North Carolina Courage,1st half,32.8,31.6,1,Samantha Mewis,44.9,19.2,0,0
387,1557,36:37,36:57,Samantha Mewis,North Carolina Courage,1st half,44.9,19.2,0,Kathleen Camille Naughton,71.4,27.5,0,0
388,1563,36:40,37:00,Kathleen Camille Naughton,Chicago Red Stars,1st half,36.3,37.1,1,Danielle Colaprico,48.3,33.5,0,0
389,1566,36:44,37:04,Danielle Colaprico,Chicago Red Stars,1st half,52.9,30.2,1,Samantha Kerr,69.5,34.2,0,0
390,1569,36:46,37:06,Samantha Kerr,Chicago Red Stars,1st half,64.1,32.6,1,Danielle Colaprico,55.4,31.8,0,0
391,1571,36:47,37:07,Danielle Colaprico,Chicago Red Stars,1st half,56.7,30.4,1,Samantha Kerr,70.3,34.0,0,0
392,1575,36:50,37:10,Samantha Kerr,Chicago Red Stars,1st half,76.0,34.2,0,Abby Dahlkemper,79.0,38.5,0,0
393,1580,36:59,37:19,Stephanie Labbe,North Carolina Courage,1st half,10.5,2.2,0,Casey Short,50.6,3.8,0,0
394,1584,37:02,37:22,Casey Short,Chicago Red Stars,1st half,54.4,64.2,1,Morgan Gautrat,63.8,62.5,0,0
395,1589,37:04,37:24,Morgan Gautrat,Chicago Red Stars,1st half,60.3,62.0,1,Danielle Colaprico,55.0,55.1,0,0
396,1592,37:11,37:31,Danielle Colaprico,Chicago Red Stars,1st half,62.6,50.0,1,Samantha Kerr,81.5,39.3,0,0
397,1594,37:12,37:32,Samantha Kerr,Chicago Red Stars,1st half,81.5,39.3,1,Vanessa Sue Di Bernardo,78.3,40.5,0,0
398,1595,37:13,37:33,Vanessa Sue Di Bernardo,Chicago Red Stars,1st half,78.3,40.5,1,Savannah McCaskill,77.5,32.6,0,0
399,1606,37:21,37:41,Danielle Colaprico,Chicago Red Stars,1st half,58.8,54.6,1,Casey Short,56.9,60.8,0,0
400,1608,37:25,37:45,Casey Short,Chicago Red Stars,1st half,65.1,55.8,1,Morgan Gautrat,74.6,66.6,0,0
401,1611,37:29,37:49,Morgan Gautrat,Chicago Red Stars,1st half,78.3,64.4,1,Yuki Ogimi-Nagasato,84.2,58.7,0,0
402,1614,37:30,37:50,Yuki Ogimi-Nagasato,Chicago Red Stars,1st half,84.2,58.7,1,Morgan Gautrat,79.0,53.4,0,0
403,1618,37:33,37:53,Morgan Gautrat,Chicago Red Stars,1st half,79.0,53.4,0,Stephanie Labbe,103.5,26.6,0,0
404,1622,37:43,38:03,Stephanie Labbe,North Carolina Courage,1st half,8.4,43.3,1,Abby May Erceg,17.2,49.6,0,0
405,1624,37:50,38:10,Abby May Erceg,North Carolina Courage,1st half,24.8,52.4,1,Samantha Mewis,25.2,33.5,0,0
406,1627,37:53,38:13,Samantha Mewis,North Carolina Courage,1st half,24.8,29.9,1,Abby Dahlkemper,26.7,13.9,0,0
407,1630,37:54,38:14,Abby Dahlkemper,North Carolina Courage,1st half,26.7,13.9,1,Samantha Mewis,31.5,26.1,0,0
408,1633,37:57,38:17,Samantha Mewis,North Carolina Courage,1st half,35.5,22.7,1,Crystal Alyssia Dunn,46.4,12.5,0,0
409,1635,37:58,38:18,Crystal Alyssia Dunn,North Carolina Courage,1st half,46.4,12.5,1,Abby Dahlkemper,31.9,10.3,0,0
410,1637,38:01,38:21,Abby Dahlkemper,North Carolina Courage,1st half,31.7,12.0,1,Stephanie Labbe,17.4,31.6,0,0
411,1641,38:04,38:24,Stephanie Labbe,North Carolina Courage,1st half,17.4,30.9,1,Abby Dahlkemper,32.8,12.5,0,0
412,1644,38:06,38:26,Abby Dahlkemper,North Carolina Courage,1st half,33.8,13.4,1,Samantha Mewis,35.9,26.8,0,0
413,1647,38:10,38:30,Samantha Mewis,North Carolina Courage,1st half,33.6,22.0,1,Abby Dahlkemper,31.1,15.3,0,0
414,1652,38:14,38:34,Abby Dahlkemper,North Carolina Courage,1st half,44.1,9.3,0,Casey Short,65.5,4.8,0,0
415,1655,38:18,38:38,Casey Short,Chicago Red Stars,1st half,35.3,61.8,1,Kathleen Camille Naughton,24.8,49.1,0,0
416,1656,38:21,38:41,Kathleen Camille Naughton,Chicago Red Stars,1st half,24.8,49.1,1,Julie Beth Ertz,25.8,38.3,0,0
417,1657,38:24,38:44,Julie Beth Ertz,Chicago Red Stars,1st half,25.8,38.3,1,Danielle Colaprico,24.1,45.3,0,0
418,1658,38:27,38:47,Danielle Colaprico,Chicago Red Stars,1st half,24.1,45.3,1,Kathleen Camille Naughton,26.5,66.8,0,0
419,1659,38:34,38:54,Kathleen Camille Naughton,Chicago Red Stars,1st half,26.5,66.8,0,Heather Ann OReilly,58.0,64.9,0,0
420,1663,38:37,38:57,Heather Ann OReilly,North Carolina Courage,1st half,45.2,5.7,1,Samantha Mewis,53.1,12.0,0,0
421,1666,38:39,38:59,Samantha Mewis,North Carolina Courage,1st half,50.4,13.2,1,Denise O'Sullivan,49.3,30.6,0,0
422,1668,38:41,39:01,Denise O'Sullivan,North Carolina Courage,1st half,48.3,22.7,1,Samantha Mewis,43.7,17.2,0,0
423,1671,38:42,39:02,Samantha Mewis,North Carolina Courage,1st half,43.7,17.2,1,Jaelene Mckenzie Daniels,48.1,58.2,0,0
424,1673,38:46,39:06,Jaelene Mckenzie Daniels,North Carolina Courage,1st half,55.2,56.0,1,Denise O'Sullivan,58.0,35.2,0,0
425,1676,38:49,39:09,Denise O'Sullivan,North Carolina Courage,1st half,58.6,34.2,1,Samantha Mewis,54.4,29.2,0,0
426,1680,38:54,39:14,Samantha Mewis,North Carolina Courage,1st half,62.6,16.0,1,Heather Ann OReilly,65.1,3.4,0,0
427,1683,38:57,39:17,Heather Ann OReilly,North Carolina Courage,1st half,66.4,5.0,1,Crystal Alyssia Dunn,73.7,3.4,0,0
428,1685,38:59,39:19,Crystal Alyssia Dunn,North Carolina Courage,1st half,71.4,2.9,1,Heather Ann OReilly,61.5,4.1,0,0
429,1688,39:01,39:21,Heather Ann OReilly,North Carolina Courage,1st half,61.5,4.1,1,Abby Dahlkemper,48.1,14.1,0,0
430,1690,39:05,39:25,Abby Dahlkemper,North Carolina Courage,1st half,49.3,16.0,1,Denise O'Sullivan,60.5,20.8,0,0
431,1693,39:06,39:26,Denise O'Sullivan,North Carolina Courage,1st half,58.6,20.4,1,Abby Dahlkemper,48.7,22.0,0,0
432,1697,39:08,39:28,Abby Dahlkemper,North Carolina Courage,1st half,47.2,21.5,1,Denise O'Sullivan,60.5,28.5,0,0
433,1699,39:09,39:29,Denise O'Sullivan,North Carolina Courage,1st half,59.8,32.3,0,Savannah McCaskill,62.0,57.5,0,0
434,1707,39:16,39:36,Savannah McCaskill,Chicago Red Stars,1st half,62.8,14.8,0,Heather Ann OReilly,82.1,47.2,0,0
435,1711,39:19,39:39,Heather Ann OReilly,North Carolina Courage,1st half,22.9,20.8,1,Stephanie Labbe,9.9,36.4,0,0
436,1714,39:24,39:44,Stephanie Labbe,North Carolina Courage,1st half,9.2,36.6,1,Abby May Erceg,27.5,54.1,0,0
437,1719,39:29,39:49,Abby May Erceg,North Carolina Courage,1st half,46.0,54.6,0,Danielle Colaprico,55.0,53.4,0,0
438,1723,39:31,39:51,Savannah McCaskill,Chicago Red Stars,1st half,50.4,7.9,0,Abby Dahlkemper,79.6,11.7,0,0
439,1728,39:35,39:55,Abby Dahlkemper,North Carolina Courage,1st half,25.4,56.3,1,Stephanie Labbe,7.8,41.4,0,0
440,1731,39:38,39:58,Stephanie Labbe,North Carolina Courage,1st half,10.7,36.2,1,Samantha Mewis,18.7,32.8,0,0
441,1735,39:47,40:07,Samantha Mewis,North Carolina Courage,1st half,35.7,39.5,1,Abby Dahlkemper,35.1,58.2,0,0
442,1739,39:52,40:12,Abby Dahlkemper,North Carolina Courage,1st half,45.8,61.5,0,Alyssa Naeher,96.0,45.5,0,0
443,1744,40:08,40:28,Alyssa Naeher,Chicago Red Stars,1st half,14.1,29.0,1,Sarah Gorden,25.2,2.9,0,0
444,1747,40:11,40:31,Sarah Gorden,Chicago Red Stars,1st half,26.7,4.1,1,Danielle Colaprico,38.4,7.7,0,0
445,1750,40:14,40:34,Danielle Colaprico,Chicago Red Stars,1st half,42.6,3.4,0,Abby May Erceg,84.2,7.9,0,0
446,1754,40:17,40:37,Abby May Erceg,North Carolina Courage,1st half,20.8,60.1,1,Stephanie Labbe,7.6,46.5,0,0
447,1758,40:20,40:40,Stephanie Labbe,North Carolina Courage,1st half,7.6,46.5,1,Samantha Mewis,26.9,35.2,0,0
448,1762,40:27,40:47,Samantha Mewis,North Carolina Courage,1st half,45.6,51.7,1,Debinha,60.9,63.9,0,0
449,1765,40:33,40:53,Debinha,North Carolina Courage,1st half,79.8,49.3,1,Lynn Williams,101.8,53.2,0,0
450,1773,40:37,40:57,Lynn Williams,North Carolina Courage,1st half,104.8,50.8,0,Casey Short,96.4,0.0,0,0
451,1778,40:54,41:14,Casey Short,Chicago Red Stars,1st half,8.6,68.0,1,Morgan Gautrat,9.7,60.3,0,0
452,1782,40:56,41:16,Morgan Gautrat,Chicago Red Stars,1st half,8.4,61.8,1,Casey Short,8.8,66.6,0,0
453,1784,40:57,41:17,Casey Short,Chicago Red Stars,1st half,8.8,66.6,1,Vanessa Sue Di Bernardo,21.4,63.0,0,0
454,1786,40:57,41:17,Vanessa Sue Di Bernardo,Chicago Red Stars,1st half,21.4,63.0,1,Kathleen Camille Naughton,11.8,48.8,0,0
455,1789,41:00,41:20,Kathleen Camille Naughton,Chicago Red Stars,1st half,11.8,48.8,0,Jaelene Mckenzie Daniels,46.0,30.9,0,0
456,1791,41:02,41:22,Jaelene Mckenzie Daniels,North Carolina Courage,1st half,59.0,37.1,0,Yuki Ogimi-Nagasato,62.0,18.4,0,0
457,1797,41:05,41:25,Yuki Ogimi-Nagasato,Chicago Red Stars,1st half,43.0,49.6,1,Samantha Kerr,49.1,38.1,0,0
458,1800,41:06,41:26,Samantha Kerr,Chicago Red Stars,1st half,49.1,38.1,1,Yuki Ogimi-Nagasato,44.7,34.2,0,0
459,1802,41:08,41:28,Yuki Ogimi-Nagasato,Chicago Red Stars,1st half,55.9,34.2,1,Samantha Kerr,65.9,44.3,0,0
460,1805,41:10,41:30,Samantha Kerr,Chicago Red Stars,1st half,65.9,44.3,1,Yuki Ogimi-Nagasato,57.5,52.4,0,0
461,1807,41:11,41:31,Yuki Ogimi-Nagasato,Chicago Red Stars,1st half,57.5,52.4,1,Samantha Kerr,72.4,36.9,0,0
462,1809,41:13,41:33,Samantha Kerr,Chicago Red Stars,1st half,66.6,42.9,1,Vanessa Sue Di Bernardo,62.6,58.2,0,0
463,1813,41:18,41:38,Vanessa Sue Di Bernardo,Chicago Red Stars,1st half,77.9,58.7,1,Yuki Ogimi-Nagasato,83.8,65.6,0,0
464,1816,41:22,41:42,Yuki Ogimi-Nagasato,Chicago Red Stars,1st half,83.2,63.5,1,Casey Short,69.1,55.3,0,0
465,1820,41:25,41:45,Casey Short,Chicago Red Stars,1st half,71.6,50.5,1,Danielle Colaprico,74.1,40.5,0,0
466,1823,41:28,41:48,Danielle Colaprico,Chicago Red Stars,1st half,74.8,44.8,1,Morgan Gautrat,80.4,47.2,0,0
467,1824,41:29,41:49,Morgan Gautrat,Chicago Red Stars,1st half,80.4,47.2,1,Casey Short,69.7,54.1,0,0
468,1828,41:33,41:53,Casey Short,Chicago Red Stars,1st half,71.6,49.1,1,Sarah Gorden,77.7,13.4,0,0
469,1830,41:38,41:58,Sarah Gorden,Chicago Red Stars,1st half,64.1,12.9,1,Julie Beth Ertz,54.2,14.8,0,0
470,1834,41:43,42:03,Julie Beth Ertz,Chicago Red Stars,1st half,58.6,23.2,1,Casey Short,66.8,35.9,0,0
471,1839,41:48,42:08,Casey Short,Chicago Red Stars,1st half,73.5,44.8,1,Yuki Ogimi-Nagasato,80.8,49.8,0,0
472,1842,41:52,42:12,Yuki Ogimi-Nagasato,Chicago Red Stars,1st half,84.4,52.2,1,Vanessa Sue Di Bernardo,94.5,61.8,0,0
473,1849,41:55,42:15,Vanessa Sue Di Bernardo,Chicago Red Stars,1st half,97.2,62.0,1,Samantha Kerr,101.2,25.6,1,0
474,1851,41:57,42:17,Samantha Kerr,Chicago Red Stars,1st half,101.2,25.6,0,Abby Dahlkemper,100.8,37.4,0,0
475,1857,41:58,42:18,Samantha Mewis,North Carolina Courage,1st half,7.8,27.3,1,Crystal Alyssia Dunn,19.3,10.8,0,0
476,1866,42:03,42:23,Vanessa Sue Di Bernardo,Chicago Red Stars,1st half,82.5,54.8,0,Stephanie Labbe,101.8,35.0,1,0
477,1871,42:19,42:39,Stephanie Labbe,North Carolina Courage,1st half,13.7,32.1,1,Abby Dahlkemper,14.7,23.5,0,0
478,1873,42:20,42:40,Abby Dahlkemper,North Carolina Courage,1st half,14.7,23.5,1,Stephanie Labbe,6.3,54.4,0,0
479,1875,42:26,42:46,Stephanie Labbe,North Carolina Courage,1st half,6.3,54.4,1,Abby May Erceg,12.4,58.4,0,0
480,1878,42:30,42:50,Abby May Erceg,North Carolina Courage,1st half,19.7,55.5,1,Samantha Mewis,23.1,40.7,0,0
481,1881,42:36,42:56,Samantha Mewis,North Carolina Courage,1st half,29.4,33.3,1,Abby Dahlkemper,33.6,18.4,0,0
482,1884,42:38,42:58,Abby Dahlkemper,North Carolina Courage,1st half,39.1,14.4,1,Heather Ann OReilly,55.0,5.3,0,0
483,1886,42:43,43:03,Heather Ann OReilly,North Carolina Courage,1st half,57.1,5.3,1,Jessica Marie McDonald,84.6,5.7,0,0
484,1895,42:48,43:08,Jessica Marie McDonald,North Carolina Courage,1st half,97.7,6.5,0,Julie Beth Ertz,95.1,31.8,1,0
485,1899,42:50,43:10,Julie Beth Ertz,Chicago Red Stars,1st half,9.9,36.2,1,Danielle Colaprico,25.4,59.9,0,0
486,1900,42:55,43:15,Danielle Colaprico,Chicago Red Stars,1st half,25.4,59.9,1,Yuki Ogimi-Nagasato,29.0,65.8,0,0
487,1901,42:59,43:19,Yuki Ogimi-Nagasato,Chicago Red Stars,1st half,29.0,65.8,1,Sarah Gorden,51.7,15.6,0,0
488,1904,43:03,43:23,Sarah Gorden,Chicago Red Stars,1st half,34.9,7.4,0,Denise O'Sullivan,51.7,15.6,0,0
489,1908,43:06,43:26,Denise O'Sullivan,North Carolina Courage,1st half,48.3,60.8,1,Abby May Erceg,33.0,50.5,0,0
490,1910,43:09,43:29,Abby May Erceg,North Carolina Courage,1st half,33.2,46.5,1,Abby Dahlkemper,39.3,17.5,0,0
491,1914,43:14,43:34,Abby Dahlkemper,North Carolina Courage,1st half,46.8,12.2,1,Heather Ann OReilly,57.5,3.1,0,0
492,1918,43:17,43:37,Heather Ann OReilly,North Carolina Courage,1st half,60.1,3.4,0,Alyssa Naeher,97.0,16.5,0,0
493,1924,46:29,46:49,Alyssa Naeher,Chicago Red Stars,1st half,5.5,35.4,1,Casey Short,38.2,65.6,0,0
494,1928,46:33,46:53,Casey Short,Chicago Red Stars,1st half,38.0,63.5,1,Vanessa Sue Di Bernardo,43.3,52.4,0,0
495,1933,46:36,46:56,Vanessa Sue Di Bernardo,Chicago Red Stars,1st half,41.2,55.8,1,Casey Short,41.6,64.4,0,0
496,1936,46:38,46:58,Casey Short,Chicago Red Stars,1st half,39.9,62.0,1,Kathleen Camille Naughton,27.5,63.9,0,0
497,1939,46:43,47:03,Kathleen Camille Naughton,Chicago Red Stars,1st half,27.9,59.4,1,Alyssa Naeher,7.1,47.4,0,0
498,1941,46:48,47:08,Alyssa Naeher,Chicago Red Stars,1st half,8.6,41.7,1,Kathleen Camille Naughton,15.8,63.2,0,0
499,1944,46:51,47:11,Kathleen Camille Naughton,Chicago Red Stars,1st half,14.7,62.3,1,Vanessa Sue Di Bernardo,27.7,44.1,0,0
500,1946,46:52,47:12,Vanessa Sue Di Bernardo,Chicago Red Stars,1st half,27.7,44.1,1,Morgan Gautrat,19.7,42.4,0,0
501,1949,46:56,47:16,Morgan Gautrat,Chicago Red Stars,1st half,21.2,30.9,1,Sarah Gorden,37.4,3.8,0,0
502,1953,47:00,47:20,Sarah Gorden,Chicago Red Stars,1st half,37.2,8.1,1,Savannah McCaskill,42.8,14.6,0,0
503,1955,47:02,47:22,Savannah McCaskill,Chicago Red Stars,1st half,42.6,11.5,0,Jaelene Mckenzie Daniels,46.4,7.9,0,0
504,1963,47:05,47:25,Jaelene Mckenzie Daniels,North Carolina Courage,1st half,46.6,56.0,1,Abby May Erceg,29.0,51.2,0,0
505,1965,47:08,47:28,Abby May Erceg,North Carolina Courage,1st half,27.1,47.6,1,Abby Dahlkemper,33.4,20.8,0,0
506,1970,47:15,47:35,Abby Dahlkemper,North Carolina Courage,1st half,49.1,9.3,1,Heather Ann OReilly,58.6,3.1,0,0
507,1973,47:17,47:37,Heather Ann OReilly,North Carolina Courage,1st half,58.4,3.1,1,Samantha Mewis,58.6,11.7,0,0
508,1976,47:18,47:38,Samantha Mewis,North Carolina Courage,1st half,58.6,11.7,0,Casey Short,77.5,0.0,0,0
509,1978,47:32,47:52,Casey Short,Chicago Red Stars,1st half,27.5,68.0,1,Yuki Ogimi-Nagasato,40.7,64.4,0,0
510,1980,47:34,47:54,Yuki Ogimi-Nagasato,Chicago Red Stars,1st half,39.7,62.7,1,Morgan Gautrat,31.9,57.2,0,0
511,1984,47:37,47:57,Morgan Gautrat,Chicago Red Stars,1st half,27.5,53.4,1,Sarah Gorden,40.1,9.1,0,0
512,1986,47:41,48:01,Sarah Gorden,Chicago Red Stars,1st half,40.1,9.1,1,Savannah McCaskill,65.3,1.0,0,0
513,1988,47:44,48:04,Savannah McCaskill,Chicago Red Stars,1st half,65.3,1.0,0,Abby May Erceg,96.4,8.1,0,0
514,1990,47:49,48:09,Abby May Erceg,North Carolina Courage,1st half,8.6,59.9,1,Stephanie Labbe,7.8,47.4,0,0
515,1993,47:51,48:11,Stephanie Labbe,North Carolina Courage,1st half,7.8,47.4,0,Savannah McCaskill,29.2,58.9,0,0
516,1999,47:54,48:14,Savannah McCaskill,Chicago Red Stars,1st half,72.7,12.9,1,Sarah Gorden,85.7,7.7,0,0
517,2002,47:56,48:16,Sarah Gorden,Chicago Red Stars,1st half,87.2,8.9,0,Abby May Erceg,91.3,22.3,0,0
518,2007,47:58,48:18,Samantha Mewis,North Carolina Courage,1st half,17.8,34.7,0,Danielle Colaprico,35.1,46.0,0,0
519,2013,48:00,48:20,Danielle Colaprico,Chicago Red Stars,1st half,69.9,22.0,1,Morgan Gautrat,76.4,37.4,0,0
520,2022,48:28,48:48,Stephanie Labbe,North Carolina Courage,1st half,5.5,35.9,1,Samantha Mewis,19.5,34.5,0,0
521,2025,48:33,48:53,Samantha Mewis,North Carolina Courage,1st half,23.1,29.7,1,Abby Dahlkemper,21.2,20.1,0,0
522,2027,48:36,48:56,Abby Dahlkemper,North Carolina Courage,1st half,21.0,17.5,1,Stephanie Labbe,14.3,33.5,0,0
523,2030,48:39,48:59,Stephanie Labbe,North Carolina Courage,1st half,13.0,35.4,1,Abby May Erceg,26.5,52.2,0,0
524,2034,48:43,49:03,Abby May Erceg,North Carolina Courage,1st half,24.6,46.7,1,Abby Dahlkemper,33.2,24.7,0,0
525,2036,48:46,49:06,Abby Dahlkemper,North Carolina Courage,1st half,31.3,26.3,1,Stephanie Labbe,16.8,34.0,0,0
526,2040,48:52,49:12,Stephanie Labbe,North Carolina Courage,1st half,20.2,35.7,1,Abby May Erceg,23.1,49.6,0,0
527,2042,48:54,49:14,Abby May Erceg,North Carolina Courage,1st half,23.1,49.6,1,Stephanie Labbe,15.1,34.2,0,0
528,2045,48:58,49:18,Stephanie Labbe,North Carolina Courage,1st half,14.3,34.5,1,Abby Dahlkemper,25.2,9.8,0,0
529,2047,49:01,49:51,Debinha,North Carolina Courage,1st half,98.7,20.4,1,Crystal Alyssia Dunn,97.9,25.4,0,0
530,2048,49:02,49:22,Abby Dahlkemper,North Carolina Courage,1st half,30.0,8.9,1,Jessica Marie McDonald,59.0,6.2,0,0
531,2051,49:04,49:24,Jessica Marie McDonald,North Carolina Courage,1st half,59.0,6.2,1,Debinha,55.9,3.1,0,0
532,2060,49:09,49:29,Debinha,North Carolina Courage,1st half,68.0,3.1,1,Samantha Mewis,71.6,10.5,0,0
533,2064,49:13,49:33,Samantha Mewis,North Carolina Courage,1st half,79.6,16.0,1,Debinha,97.7,16.3,0,0
534,2090,50:19,50:39,Casey Short,Chicago Red Stars,1st half,67.4,56.0,1,Yuki Ogimi-Nagasato,75.4,60.1,0,0
535,2093,50:22,50:42,Yuki Ogimi-Nagasato,Chicago Red Stars,1st half,69.9,61.8,1,Morgan Gautrat,64.5,63.2,0,0
536,2097,50:28,50:48,Morgan Gautrat,Chicago Red Stars,1st half,75.0,35.9,1,Sarah Gorden,83.6,7.9,0,0
537,2103,50:35,50:55,Sarah Gorden,Chicago Red Stars,1st half,92.2,16.8,1,Samantha Kerr,94.7,35.7,1,0
538,2105,50:36,50:56,Samantha Kerr,Chicago Red Stars,1st half,94.7,35.7,1,Vanessa Sue Di Bernardo,90.9,33.0,0,0
539,2116,50:40,51:00,Yuki Ogimi-Nagasato,Chicago Red Stars,1st half,99.8,42.1,1,Samantha Kerr,93.0,51.2,0,0
540,2120,50:43,51:03,Samantha Kerr,Chicago Red Stars,1st half,91.6,50.5,1,Yuki Ogimi-Nagasato,92.0,46.7,0,0
541,2125,50:44,51:04,Yuki Ogimi-Nagasato,Chicago Red Stars,1st half,98.5,48.6,0,Samantha Mewis,92.0,46.7,0,0
542,2128,50:57,51:17,Casey Short,Chicago Red Stars,1st half,68.5,68.0,1,Morgan Gautrat,74.3,67.3,0,0
543,2132,51:01,51:21,Morgan Gautrat,Chicago Red Stars,1st half,73.3,65.8,0,Jessica Marie McDonald,62.2,65.4,0,0
544,2145,45:00,45:17,Abby Dahlkemper,North Carolina Courage,2nd half,33.8,32.8,1,Denise O'Sullivan,47.7,31.8,0,0
545,2150,45:00,45:15,Debinha,North Carolina Courage,2nd half,50.6,33.5,1,Denise O'Sullivan,47.7,31.8,0,0
546,2151,45:00,45:15,Denise O'Sullivan,North Carolina Courage,2nd half,47.7,31.8,1,Samantha Mewis,69.1,44.3,0,0
547,2152,45:00,45:14,Denise O'Sullivan,North Carolina Courage,2nd half,52.5,33.8,1,Samantha Mewis,69.1,44.3,0,0
548,2162,45:04,45:24,Katie Johnson Carreon,Chicago Red Stars,2nd half,35.1,18.0,1,Julie Beth Ertz,24.8,24.4,0,0
549,2165,45:06,45:26,Julie Beth Ertz,Chicago Red Stars,2nd half,24.8,24.4,1,Casey Short,41.6,57.9,0,0
550,2167,45:11,45:31,Casey Short,Chicago Red Stars,2nd half,46.2,59.1,1,Yuki Ogimi-Nagasato,67.0,62.5,0,0
551,2171,45:14,45:34,Yuki Ogimi-Nagasato,Chicago Red Stars,2nd half,59.8,61.8,1,Danielle Colaprico,57.3,51.7,0,0
552,2174,45:16,45:36,Danielle Colaprico,Chicago Red Stars,2nd half,62.2,53.9,1,Vanessa Sue Di Bernardo,73.7,46.5,0,0
553,2177,45:18,45:38,Vanessa Sue Di Bernardo,Chicago Red Stars,2nd half,69.5,53.6,0,Heather Ann OReilly,83.6,58.2,0,0
554,2181,45:22,45:42,Heather Ann OReilly,North Carolina Courage,2nd half,24.6,8.9,0,Yuki Ogimi-Nagasato,25.0,5.5,0,0
555,2187,45:23,45:43,Heather Ann OReilly,North Carolina Courage,2nd half,20.2,5.5,0,Yuki Ogimi-Nagasato,25.0,4.8,0,0
556,2194,45:32,45:52,Heather Ann OReilly,North Carolina Courage,2nd half,32.8,0.0,1,Debinha,38.2,6.9,0,0
557,2196,45:34,45:54,Debinha,North Carolina Courage,2nd half,38.2,6.9,1,Lynn Williams,43.5,4.5,0,0
558,2202,45:41,46:01,Lynn Williams,North Carolina Courage,2nd half,47.0,3.4,0,Julie Beth Ertz,87.6,8.9,0,0
559,2205,45:53,46:13,Julie Beth Ertz,Chicago Red Stars,2nd half,23.7,39.0,1,Sarah Gorden,56.9,6.7,0,0
560,2212,45:59,46:19,Sarah Gorden,Chicago Red Stars,2nd half,58.2,9.1,1,Samantha Kerr,74.8,26.1,0,0
561,2215,46:01,46:21,Samantha Kerr,Chicago Red Stars,2nd half,74.1,30.6,1,Vanessa Sue Di Bernardo,76.7,40.2,0,0
562,2220,46:04,46:24,Vanessa Sue Di Bernardo,Chicago Red Stars,2nd half,79.4,42.9,1,Yuki Ogimi-Nagasato,98.1,47.4,0,0
563,2226,46:33,46:53,Vanessa Sue Di Bernardo,Chicago Red Stars,2nd half,105.0,68.0,1,Yuki Ogimi-Nagasato,100.2,57.0,0,0
564,2229,46:34,46:54,Yuki Ogimi-Nagasato,Chicago Red Stars,2nd half,100.2,57.0,0,Crystal Alyssia Dunn,90.1,59.4,0,0
565,2235,47:23,47:43,Abby Dahlkemper,North Carolina Courage,2nd half,20.2,13.9,1,Stephanie Labbe,12.6,26.6,0,0
566,2238,47:25,47:45,Stephanie Labbe,North Carolina Courage,2nd half,14.1,25.4,0,Danielle Colaprico,46.6,13.4,0,0
567,2243,47:27,47:47,Danielle Colaprico,Chicago Red Stars,2nd half,58.4,54.6,0,Samantha Mewis,69.9,48.8,0,0
568,2245,47:29,47:49,Samantha Mewis,North Carolina Courage,2nd half,35.1,19.2,0,Morgan Gautrat,50.0,27.1,0,0
569,2251,47:31,47:51,Morgan Gautrat,Chicago Red Stars,2nd half,55.0,40.9,1,Danielle Colaprico,57.8,51.7,0,0
570,2257,47:32,47:52,Danielle Colaprico,Chicago Red Stars,2nd half,57.8,51.2,1,Vanessa Sue Di Bernardo,63.0,47.6,0,0
571,2260,47:33,47:53,Vanessa Sue Di Bernardo,Chicago Red Stars,2nd half,63.0,47.6,1,Casey Short,57.5,62.7,0,0
572,2262,47:36,47:56,Casey Short,Chicago Red Stars,2nd half,61.1,62.3,1,Yuki Ogimi-Nagasato,71.2,52.9,0,0
573,2265,47:39,47:59,Yuki Ogimi-Nagasato,Chicago Red Stars,2nd half,68.2,47.9,1,Sarah Gorden,70.6,20.4,0,0
574,2268,47:43,48:03,Sarah Gorden,Chicago Red Stars,2nd half,76.0,20.4,1,Katie Johnson Carreon,83.6,23.2,0,0
575,2273,47:44,48:04,Katie Johnson Carreon,Chicago Red Stars,2nd half,84.8,23.9,0,Stephanie Labbe,99.5,38.5,0,0
576,2277,48:10,48:30,Stephanie Labbe,North Carolina Courage,2nd half,5.5,29.5,1,Jessica Marie McDonald,46.8,9.3,0,0
577,2279,48:13,48:33,Jessica Marie McDonald,North Carolina Courage,2nd half,46.8,9.3,1,Lynn Williams,59.8,19.6,0,0
578,2291,48:22,48:42,Julie Beth Ertz,Chicago Red Stars,2nd half,64.5,51.7,0,Stephanie Labbe,96.6,33.3,0,0
579,2298,48:39,48:59,Stephanie Labbe,North Carolina Courage,2nd half,13.0,30.2,1,Jessica Marie McDonald,51.2,15.3,0,0
580,2300,48:40,49:00,Jessica Marie McDonald,North Carolina Courage,2nd half,51.2,15.3,0,Julie Beth Ertz,68.0,24.4,0,0
581,2302,48:42,49:02,Julie Beth Ertz,Chicago Red Stars,2nd half,37.0,43.6,0,Denise O'Sullivan,68.0,41.7,0,0
582,2307,48:45,49:05,Denise O'Sullivan,North Carolina Courage,2nd half,38.6,29.5,1,Jaelene Mckenzie Daniels,55.7,66.3,0,0
583,2311,48:51,49:11,Jaelene Mckenzie Daniels,North Carolina Courage,2nd half,56.5,65.4,1,Debinha,62.6,53.4,0,0
584,2316,48:59,49:19,Debinha,North Carolina Courage,2nd half,80.0,21.8,1,Jessica Marie McDonald,103.9,8.4,0,0
585,2318,49:03,49:23,Jessica Marie McDonald,North Carolina Courage,2nd half,103.9,8.4,1,Lynn Williams,97.9,32.1,1,0
586,2332,49:34,49:54,Alyssa Naeher,Chicago Red Stars,2nd half,5.7,36.6,1,Samantha Kerr,53.1,36.4,0,0
587,2334,49:37,49:57,Samantha Kerr,Chicago Red Stars,2nd half,53.1,36.4,1,Yuki Ogimi-Nagasato,63.0,40.7,0,0
588,2338,49:39,49:59,Yuki Ogimi-Nagasato,Chicago Red Stars,2nd half,62.8,40.5,1,Samantha Kerr,57.8,30.4,0,0
589,2342,49:43,50:03,Samantha Kerr,Chicago Red Stars,2nd half,78.8,24.4,1,Katie Johnson Carreon,89.2,7.7,0,0
590,2349,49:47,50:07,Katie Johnson Carreon,Chicago Red Stars,2nd half,93.0,17.5,0,Denise O'Sullivan,93.9,21.1,0,0
591,2355,49:49,50:09,Jaelene Mckenzie Daniels,North Carolina Courage,2nd half,12.6,47.2,1,Denise O'Sullivan,13.9,51.5,0,0
592,2360,49:51,50:11,Denise O'Sullivan,North Carolina Courage,2nd half,12.6,51.0,0,Sarah Gorden,30.9,62.5,0,0
593,2367,51:30,51:50,Lynn Williams,North Carolina Courage,2nd half,40.7,52.2,0,Julie Beth Ertz,58.0,68.0,0,0
594,2369,51:37,51:57,Julie Beth Ertz,Chicago Red Stars,2nd half,47.0,0.0,1,Sarah Gorden,67.8,3.6,0,0
595,2371,51:41,52:01,Sarah Gorden,Chicago Red Stars,2nd half,67.8,3.6,1,Katie Johnson Carreon,74.6,5.7,0,0
596,2375,51:42,52:02,Katie Johnson Carreon,Chicago Red Stars,2nd half,73.3,6.9,1,Vanessa Sue Di Bernardo,73.5,12.5,0,0
597,2377,51:43,52:03,Vanessa Sue Di Bernardo,Chicago Red Stars,2nd half,73.5,12.5,0,Debinha,66.4,9.6,0,0
598,2381,51:45,52:05,Debinha,North Carolina Courage,2nd half,41.2,58.4,1,Jessica Marie McDonald,50.2,65.1,0,0
599,2384,51:46,52:06,Jessica Marie McDonald,North Carolina Courage,2nd half,47.0,56.7,0,Julie Beth Ertz,50.2,65.1,0,0
600,2387,51:50,52:10,Julie Beth Ertz,Chicago Red Stars,2nd half,57.5,3.4,1,Sarah Gorden,66.2,2.9,0,0
601,2390,51:52,52:12,Sarah Gorden,Chicago Red Stars,2nd half,62.0,5.5,1,Vanessa Sue Di Bernardo,57.1,12.2,0,0
602,2393,51:52,52:12,Vanessa Sue Di Bernardo,Chicago Red Stars,2nd half,57.1,12.2,1,Katie Johnson Carreon,99.3,6.5,0,0
603,2397,51:57,52:17,Katie Johnson Carreon,Chicago Red Stars,2nd half,99.3,6.5,0,Stephanie Labbe,101.6,35.0,1,0
604,2403,51:59,52:19,Abby May Erceg,North Carolina Courage,2nd half,4.2,35.9,1,Denise O'Sullivan,22.5,68.0,0,0
605,2405,52:01,52:21,Denise O'Sullivan,North Carolina Courage,2nd half,1.9,40.0,0,Sarah Gorden,24.2,68.0,0,0
606,2407,52:11,52:31,Sarah Gorden,Chicago Red Stars,2nd half,80.8,0.0,1,Katie Johnson Carreon,84.2,6.2,0,0
607,2409,52:12,52:32,Katie Johnson Carreon,Chicago Red Stars,2nd half,84.2,6.2,1,Sarah Gorden,80.6,1.7,0,0
608,2418,52:18,52:38,Sarah Gorden,Chicago Red Stars,2nd half,103.1,3.4,1,Vanessa Sue Di Bernardo,96.2,35.4,1,0
609,2426,52:40,53:00,Stephanie Labbe,North Carolina Courage,2nd half,13.9,20.6,0,Morgan Gautrat,57.8,12.9,0,0
610,2428,52:42,53:02,Morgan Gautrat,Chicago Red Stars,2nd half,47.2,55.1,1,Yuki Ogimi-Nagasato,59.6,57.0,0,0
611,2432,52:44,53:04,Yuki Ogimi-Nagasato,Chicago Red Stars,2nd half,59.6,57.0,1,Vanessa Sue Di Bernardo,55.7,59.1,0,0
612,2438,53:23,53:43,Vanessa Sue Di Bernardo,Chicago Red Stars,2nd half,51.9,61.5,1,Katie Johnson Carreon,84.4,35.0,0,0
613,2445,53:27,53:47,Katie Johnson Carreon,Chicago Red Stars,2nd half,85.5,35.0,1,Samantha Kerr,95.1,22.3,0,0
614,2461,54:06,54:26,Vanessa Sue Di Bernardo,Chicago Red Stars,2nd half,105.0,0.0,0,Abby May Erceg,96.2,33.0,0,0
615,2469,54:14,54:34,Danielle Colaprico,Chicago Red Stars,2nd half,75.8,64.6,0,Heather Ann OReilly,81.9,68.0,0,0
616,2471,54:27,54:47,Heather Ann OReilly,North Carolina Courage,2nd half,23.1,0.0,1,Samantha Mewis,29.6,11.0,0,0
617,2472,54:29,54:49,Samantha Mewis,North Carolina Courage,2nd half,29.6,11.0,0,Morgan Gautrat,35.9,10.3,0,0
618,2478,54:31,54:51,Yuki Ogimi-Nagasato,Chicago Red Stars,2nd half,74.6,61.1,1,Morgan Gautrat,73.9,54.4,0,0
619,2483,54:32,54:52,Morgan Gautrat,Chicago Red Stars,2nd half,76.9,56.3,1,Samantha Kerr,84.0,53.2,0,0
620,2486,54:33,54:53,Samantha Kerr,Chicago Red Stars,2nd half,84.0,53.2,1,Yuki Ogimi-Nagasato,84.2,64.4,0,0
621,2489,54:39,54:59,Yuki Ogimi-Nagasato,Chicago Red Stars,2nd half,78.1,58.7,1,Morgan Gautrat,93.9,58.4,0,0
622,2492,54:42,55:02,Morgan Gautrat,Chicago Red Stars,2nd half,93.9,58.4,0,Abby Dahlkemper,95.8,39.7,1,0
623,2501,54:47,55:07,Yuki Ogimi-Nagasato,Chicago Red Stars,2nd half,85.5,44.3,1,Morgan Gautrat,88.2,49.6,0,0
624,2504,54:50,55:10,Morgan Gautrat,Chicago Red Stars,2nd half,86.7,49.3,1,Casey Short,101.6,58.4,0,0
625,2508,54:53,55:13,Casey Short,Chicago Red Stars,2nd half,101.6,58.4,0,Debinha,99.5,56.0,1,0
626,2516,54:57,55:17,Casey Short,Chicago Red Stars,2nd half,94.3,54.4,1,Samantha Kerr,102.7,32.6,1,0
627,2528,55:32,55:52,Stephanie Labbe,North Carolina Courage,2nd half,4.6,34.7,1,Lynn Williams,65.9,49.8,0,0
628,2532,55:35,55:55,Lynn Williams,North Carolina Courage,2nd half,56.3,50.8,0,Morgan Gautrat,56.3,50.8,0,0
629,2539,55:38,55:58,Kathleen Camille Naughton,Chicago Red Stars,2nd half,36.1,16.3,1,Sarah Gorden,39.5,4.3,0,0
630,2544,55:45,56:05,Sarah Gorden,Chicago Red Stars,2nd half,44.9,4.5,1,Julie Beth Ertz,37.6,9.1,0,0
631,2546,55:46,56:06,Julie Beth Ertz,Chicago Red Stars,2nd half,37.6,9.1,0,Samantha Mewis,55.9,19.2,0,0
632,2553,55:56,56:16,Samantha Mewis,North Carolina Courage,2nd half,77.1,15.3,1,Debinha,98.9,9.6,0,0
633,2560,56:25,56:45,Jessica Marie McDonald,North Carolina Courage,2nd half,97.7,0.0,1,Heather Ann OReilly,102.3,17.2,0,0
634,2563,56:27,56:47,Heather Ann OReilly,North Carolina Courage,2nd half,102.3,17.2,0,Morgan Gautrat,100.6,24.9,1,0
635,2571,57:06,57:26,Heather Ann OReilly,North Carolina Courage,2nd half,105.0,0.0,0,Danielle Colaprico,95.6,17.0,0,0
636,2578,57:09,57:29,Danielle Colaprico,Chicago Red Stars,2nd half,12.2,49.1,0,Heather Ann OReilly,41.8,68.0,0,0
637,2580,57:17,57:37,Heather Ann OReilly,North Carolina Courage,2nd half,63.2,0.0,1,Abby Dahlkemper,54.0,5.7,0,0
638,2583,57:20,57:40,Abby Dahlkemper,North Carolina Courage,2nd half,59.8,5.0,0,Casey Short,93.4,6.2,0,0
639,2584,57:23,57:43,Casey Short,Chicago Red Stars,2nd half,11.6,61.8,0,Debinha,20.2,58.4,0,0
640,2591,57:29,57:49,Debinha,North Carolina Courage,2nd half,91.6,6.7,1,Denise O'Sullivan,71.6,18.0,0,0
641,2595,57:33,57:53,Denise O'Sullivan,North Carolina Courage,2nd half,71.0,21.5,1,Jaelene Mckenzie Daniels,62.8,52.0,0,0
642,2598,57:36,57:56,Jaelene Mckenzie Daniels,North Carolina Courage,2nd half,68.0,52.0,1,Denise O'Sullivan,74.6,32.1,0,0
643,2608,57:40,58:00,Vanessa Sue Di Bernardo,Chicago Red Stars,2nd half,25.8,36.2,1,Morgan Gautrat,24.6,28.5,0,0
644,2612,57:41,58:01,Morgan Gautrat,Chicago Red Stars,2nd half,24.6,28.5,1,Katie Johnson Carreon,36.8,18.7,0,0
645,2614,57:42,58:02,Katie Johnson Carreon,Chicago Red Stars,2nd half,36.8,18.7,1,Julie Beth Ertz,23.1,31.1,0,0
646,2618,57:44,58:04,Julie Beth Ertz,Chicago Red Stars,2nd half,23.1,31.1,1,Samantha Kerr,46.4,34.0,0,0
647,2621,57:47,58:07,Samantha Kerr,Chicago Red Stars,2nd half,46.4,34.0,1,Katie Johnson Carreon,46.4,14.8,0,0
648,2624,57:52,58:12,Katie Johnson Carreon,Chicago Red Stars,2nd half,62.6,17.2,1,Morgan Gautrat,50.8,15.1,0,0
649,2628,57:55,58:15,Morgan Gautrat,Chicago Red Stars,2nd half,54.2,16.3,1,Katie Johnson Carreon,66.2,23.5,0,0
650,2631,57:58,58:18,Katie Johnson Carreon,Chicago Red Stars,2nd half,72.7,19.4,1,Sarah Gorden,76.7,4.5,0,0
651,2641,58:11,58:31,Jaelene Mckenzie Daniels,North Carolina Courage,2nd half,26.0,65.8,0,Julie Beth Ertz,52.1,65.8,0,0
652,2642,58:13,58:33,Julie Beth Ertz,Chicago Red Stars,2nd half,52.9,2.2,0,Lynn Williams,58.0,3.4,0,0
653,2650,58:15,58:35,Lynn Williams,North Carolina Courage,2nd half,47.9,63.0,1,Jessica Marie McDonald,56.5,60.6,0,0
654,2657,58:17,58:37,Kathleen Camille Naughton,Chicago Red Stars,2nd half,42.4,11.5,1,Morgan Gautrat,71.2,10.1,0,0
655,2661,58:21,58:41,Morgan Gautrat,Chicago Red Stars,2nd half,65.5,13.6,0,Jaelene Mckenzie Daniels,66.8,0.0,0,0
656,2663,58:40,59:00,Jaelene Mckenzie Daniels,North Carolina Courage,2nd half,38.2,68.0,0,Sarah Gorden,48.7,59.9,0,0
657,2667,58:42,59:02,Sarah Gorden,Chicago Red Stars,2nd half,56.3,8.1,0,Crystal Alyssia Dunn,62.2,13.6,0,0
658,2672,58:44,59:04,Crystal Alyssia Dunn,North Carolina Courage,2nd half,43.5,53.6,1,Lynn Williams,44.1,48.1,0,0
659,2673,58:46,59:06,Lynn Williams,North Carolina Courage,2nd half,44.1,48.1,1,Debinha,67.2,7.2,0,0
660,2681,59:24,59:44,Debinha,North Carolina Courage,2nd half,77.7,18.9,1,Jessica Marie McDonald,99.3,9.6,0,0
661,2686,60:00,60:50,Abby Dahlkemper,North Carolina Courage,2nd half,69.7,17.0,1,Samantha Mewis,96.2,32.3,0,0
662,2690,60:06,60:26,Heather Ann OReilly,North Carolina Courage,2nd half,105.0,0.0,1,Jessica Marie McDonald,93.2,33.3,0,0
663,2712,61:23,61:43,Katie Johnson Carreon,Chicago Red Stars,2nd half,60.9,17.0,1,Vanessa Sue Di Bernardo,59.4,23.9,0,0
664,2715,61:24,61:44,Vanessa Sue Di Bernardo,Chicago Red Stars,2nd half,60.1,22.3,1,Katie Johnson Carreon,66.8,19.6,0,0
665,2718,61:26,61:46,Katie Johnson Carreon,Chicago Red Stars,2nd half,63.4,22.3,1,Vanessa Sue Di Bernardo,58.6,19.4,0,0
666,2721,61:27,61:47,Vanessa Sue Di Bernardo,Chicago Red Stars,2nd half,59.4,14.8,1,Sarah Gorden,67.6,1.7,0,0
667,2727,61:30,61:50,Sarah Gorden,Chicago Red Stars,2nd half,75.8,2.6,0,Abby Dahlkemper,95.1,38.1,1,0
668,2740,61:47,62:07,Casey Short,Chicago Red Stars,2nd half,94.9,68.0,1,Morgan Gautrat,85.5,62.3,0,0
669,2744,61:48,62:08,Morgan Gautrat,Chicago Red Stars,2nd half,89.7,62.0,1,Casey Short,94.9,63.7,0,0
670,2747,61:51,62:11,Casey Short,Chicago Red Stars,2nd half,98.7,60.8,1,Yuki Ogimi-Nagasato,94.5,57.2,0,0
671,2749,61:52,62:12,Yuki Ogimi-Nagasato,Chicago Red Stars,2nd half,94.5,57.2,1,Morgan Gautrat,88.0,62.0,0,0
672,2752,61:57,62:17,Morgan Gautrat,Chicago Red Stars,2nd half,82.5,59.4,1,Vanessa Sue Di Bernardo,84.2,49.3,0,0
673,2756,61:59,62:19,Vanessa Sue Di Bernardo,Chicago Red Stars,2nd half,84.8,49.1,1,Yuki Ogimi-Nagasato,97.0,51.2,0,0
674,2766,62:26,62:46,Vanessa Sue Di Bernardo,Chicago Red Stars,2nd half,105.0,68.0,1,Samantha Kerr,97.7,33.8,0,0
675,2773,62:30,62:50,Debinha,North Carolina Courage,2nd half,11.8,34.5,1,Jaelene Mckenzie Daniels,21.4,67.3,0,0
676,2778,62:36,62:56,Jaelene Mckenzie Daniels,North Carolina Courage,2nd half,23.1,64.6,1,Debinha,44.3,58.9,0,0
677,2781,62:40,63:00,Debinha,North Carolina Courage,2nd half,42.0,53.4,1,Lynn Williams,39.9,33.8,0,0
678,2785,62:44,63:04,Lynn Williams,North Carolina Courage,2nd half,48.7,34.2,1,Jessica Marie McDonald,81.3,6.0,0,0
679,2791,62:49,63:09,Jessica Marie McDonald,North Carolina Courage,2nd half,84.4,6.9,0,Alyssa Naeher,99.3,32.1,1,0
680,2795,63:13,63:33,Alyssa Naeher,Chicago Red Stars,2nd half,5.7,35.9,1,Samantha Kerr,55.4,35.0,0,0
681,2800,63:15,63:35,Denise O'Sullivan,North Carolina Courage,2nd half,49.6,33.0,1,Debinha,63.2,39.5,0,0
682,2804,63:18,63:38,Debinha,North Carolina Courage,2nd half,63.2,39.5,1,Samantha Mewis,57.1,38.1,0,0
683,2807,63:20,63:40,Samantha Mewis,North Carolina Courage,2nd half,57.1,38.1,1,Lynn Williams,77.7,45.0,0,0
684,2812,63:22,63:42,Lynn Williams,North Carolina Courage,2nd half,69.1,45.7,1,Samantha Mewis,60.3,50.3,0,0
685,2820,63:29,63:49,Samantha Mewis,North Carolina Courage,2nd half,92.4,61.5,0,Julie Beth Ertz,96.0,41.7,1,0
686,2826,63:32,63:52,Danielle Colaprico,Chicago Red Stars,2nd half,11.1,32.8,0,Jaelene Mckenzie Daniels,48.1,6.7,0,0
687,2832,63:39,63:59,Jaelene Mckenzie Daniels,North Carolina Courage,2nd half,56.3,60.6,1,Abby May Erceg,36.3,52.4,0,0
688,2835,63:41,64:01,Abby May Erceg,North Carolina Courage,2nd half,36.3,52.4,1,Denise O'Sullivan,47.7,53.6,0,0
689,2839,63:44,64:04,Denise O'Sullivan,North Carolina Courage,2nd half,45.4,55.8,1,Abby May Erceg,33.4,55.3,0,0
690,2841,63:46,64:06,Abby May Erceg,North Carolina Courage,2nd half,30.9,54.4,1,Stephanie Labbe,14.9,37.8,0,0
691,2843,63:49,64:09,Stephanie Labbe,North Carolina Courage,2nd half,14.9,37.8,1,Abby May Erceg,27.1,57.2,0,0
692,2845,63:51,64:11,Abby May Erceg,North Carolina Courage,2nd half,27.1,57.2,1,Denise O'Sullivan,27.1,40.5,0,0
693,2848,63:54,64:14,Denise O'Sullivan,North Carolina Courage,2nd half,23.9,41.9,1,Stephanie Labbe,10.5,29.5,0,0
694,2853,63:58,64:18,Stephanie Labbe,North Carolina Courage,2nd half,12.0,34.0,0,Vanessa Sue Di Bernardo,27.3,33.5,0,0
695,2866,64:55,65:15,Morgan Gautrat,Chicago Red Stars,2nd half,78.1,36.2,0,Abby May Erceg,99.3,31.6,0,0
696,2881,65:56,66:16,Stephanie Labbe,North Carolina Courage,2nd half,16.4,33.0,1,Lynn Williams,60.5,56.7,0,0
697,2889,66:06,66:26,Katie Johnson Carreon,Chicago Red Stars,2nd half,56.5,0.0,1,Morgan Gautrat,56.7,10.5,0,0
698,2892,66:08,66:28,Morgan Gautrat,Chicago Red Stars,2nd half,58.8,8.1,1,Vanessa Sue Di Bernardo,62.4,17.0,0,0
699,2893,66:09,66:29,Vanessa Sue Di Bernardo,Chicago Red Stars,2nd half,62.4,17.0,1,Morgan Gautrat,63.8,9.3,0,0
700,2903,66:19,66:39,Denise O'Sullivan,North Carolina Courage,2nd half,47.5,52.4,1,Jessica Marie McDonald,57.1,55.5,0,0
701,2905,66:20,66:40,Jessica Marie McDonald,North Carolina Courage,2nd half,57.1,55.5,1,Debinha,58.8,49.8,0,0
702,2924,67:40,68:00,Jaelene Mckenzie Daniels,North Carolina Courage,2nd half,76.0,27.5,1,Debinha,80.2,29.0,0,0
703,2925,67:40,68:00,Debinha,North Carolina Courage,2nd half,80.2,29.0,1,Samantha Mewis,77.7,33.0,0,0
704,2927,67:41,68:01,Samantha Mewis,North Carolina Courage,2nd half,77.7,33.0,1,Lynn Williams,84.8,16.5,0,0
705,2929,67:43,68:03,Lynn Williams,North Carolina Courage,2nd half,84.8,16.5,1,Debinha,87.4,23.5,0,0
706,2942,67:50,68:10,Lynn Williams,North Carolina Courage,2nd half,62.8,18.2,1,Jaelene Mckenzie Daniels,68.2,44.3,0,0
707,2944,67:54,68:14,Jaelene Mckenzie Daniels,North Carolina Courage,2nd half,67.0,38.1,1,Denise O'Sullivan,70.8,33.3,0,0
708,2947,67:56,68:16,Denise O'Sullivan,North Carolina Courage,2nd half,69.3,28.3,1,Samantha Mewis,62.4,20.4,0,0
709,2951,68:00,68:20,Samantha Mewis,North Carolina Courage,2nd half,56.7,33.8,1,Jaelene Mckenzie Daniels,75.2,65.4,0,0
710,2953,68:07,68:27,Jaelene Mckenzie Daniels,North Carolina Courage,2nd half,84.2,65.4,0,Morgan Gautrat,91.1,60.6,1,0
711,2958,68:36,68:56,Jessica Marie McDonald,North Carolina Courage,2nd half,100.0,68.0,1,Samantha Mewis,99.5,41.4,0,0
712,2968,68:41,69:01,McCall RaNae Zerboni,North Carolina Courage,2nd half,82.5,52.2,1,Jessica Marie McDonald,91.6,59.6,0,0
713,2972,68:44,69:04,Jessica Marie McDonald,North Carolina Courage,2nd half,93.2,58.7,1,McCall RaNae Zerboni,89.5,61.8,0,0
714,2976,68:46,69:06,Denise O'Sullivan,North Carolina Courage,2nd half,96.2,59.1,0,Kathleen Camille Naughton,96.0,38.1,1,0
715,2982,69:15,69:35,Denise O'Sullivan,North Carolina Courage,2nd half,105.0,68.0,1,Jaelene Mckenzie Daniels,100.8,65.1,0,0
716,2984,69:15,69:35,Jaelene Mckenzie Daniels,North Carolina Courage,2nd half,100.8,65.1,1,Heather Ann OReilly,79.2,45.0,0,0
717,2997,69:27,69:47,Jaelene Mckenzie Daniels,North Carolina Courage,2nd half,95.3,60.6,0,Sarah Gorden,99.3,57.7,1,0
718,3000,69:58,70:18,Heather Ann OReilly,North Carolina Courage,2nd half,105.0,68.0,1,Jaelene Mckenzie Daniels,80.2,38.3,0,0
719,3010,70:08,70:28,Denise O'Sullivan,North Carolina Courage,2nd half,66.4,61.5,1,Heather Ann OReilly,92.0,62.7,0,0
720,3014,70:11,70:31,Heather Ann OReilly,North Carolina Courage,2nd half,92.0,62.7,0,Vanessa Sue Di Bernardo,95.6,58.9,1,0
721,3017,70:14,70:34,Vanessa Sue Di Bernardo,Chicago Red Stars,2nd half,9.2,14.8,1,Samantha Kerr,34.7,30.2,0,0
722,3027,70:21,70:41,Abby Dahlkemper,North Carolina Courage,2nd half,55.9,36.9,1,Debinha,79.8,6.0,0,0
723,3029,70:24,70:44,Debinha,North Carolina Courage,2nd half,78.8,8.4,1,McCall RaNae Zerboni,80.8,16.5,0,0
724,3033,70:27,70:47,McCall RaNae Zerboni,North Carolina Courage,2nd half,77.3,19.9,1,Denise O'Sullivan,65.1,34.5,0,0
725,3036,70:30,70:50,Denise O'Sullivan,North Carolina Courage,2nd half,65.7,36.9,1,Abby May Erceg,48.7,39.7,0,0
726,3039,70:36,70:56,Abby May Erceg,North Carolina Courage,2nd half,46.0,45.5,1,Denise O'Sullivan,54.6,36.6,0,0
727,3041,70:37,70:57,Denise O'Sullivan,North Carolina Courage,2nd half,49.6,37.4,1,Abby Dahlkemper,44.5,17.5,0,0
728,3045,70:40,71:00,Abby Dahlkemper,North Carolina Courage,2nd half,44.5,17.7,1,Samantha Mewis,58.4,19.6,0,0
729,3049,70:43,71:03,Samantha Mewis,North Carolina Courage,2nd half,66.8,22.5,0,Julie Beth Ertz,88.8,37.1,0,0
730,3054,70:50,71:10,Sarah Gorden,Chicago Red Stars,2nd half,10.5,7.7,1,Danielle Colaprico,27.5,7.9,0,0
731,3055,70:53,71:13,Danielle Colaprico,Chicago Red Stars,2nd half,27.5,7.9,1,Katie Johnson Carreon,34.7,5.0,0,0
732,3056,70:57,71:17,Katie Johnson Carreon,Chicago Red Stars,2nd half,34.7,5.0,0,Debinha,29.6,3.1,0,0
733,3061,71:04,71:24,Debinha,North Carolina Courage,2nd half,78.3,63.7,1,Denise O'Sullivan,65.5,56.7,0,0
734,3065,71:07,71:27,Denise O'Sullivan,North Carolina Courage,2nd half,57.1,55.8,1,Abby May Erceg,49.8,54.4,0,0
735,3067,71:11,71:31,Abby May Erceg,North Carolina Courage,2nd half,50.2,52.7,1,Samantha Mewis,58.4,48.8,0,0
736,3070,71:12,71:32,Samantha Mewis,North Carolina Courage,2nd half,58.4,48.8,1,Abby May Erceg,48.5,52.4,0,0
737,3073,71:14,71:34,Abby May Erceg,North Carolina Courage,2nd half,45.6,50.8,1,Abby Dahlkemper,37.0,17.2,0,0
738,3075,71:21,71:41,Abby Dahlkemper,North Carolina Courage,2nd half,44.1,13.2,1,McCall RaNae Zerboni,68.2,15.1,0,0
739,3080,71:28,71:48,McCall RaNae Zerboni,North Carolina Courage,2nd half,80.2,15.3,1,Jessica Marie McDonald,88.0,8.4,0,0
740,3082,71:29,71:49,Jessica Marie McDonald,North Carolina Courage,2nd half,88.0,8.4,1,Heather Ann OReilly,85.9,2.6,0,0
741,3087,71:34,71:54,Heather Ann OReilly,North Carolina Courage,2nd half,82.1,14.4,0,Vanessa Sue Di Bernardo,83.6,24.2,0,0
742,3090,71:35,71:55,Vanessa Sue Di Bernardo,Chicago Red Stars,2nd half,21.4,43.8,1,Morgan Gautrat,21.2,56.3,0,0
743,3098,71:38,71:58,Morgan Gautrat,Chicago Red Stars,2nd half,18.9,58.2,1,Kathleen Camille Naughton,10.7,49.3,0,0
744,3101,71:41,72:01,Kathleen Camille Naughton,Chicago Red Stars,2nd half,9.7,56.7,1,Morgan Gautrat,11.8,63.2,0,0
745,3104,71:43,72:03,Morgan Gautrat,Chicago Red Stars,2nd half,10.5,62.3,1,Casey Short,23.3,56.5,0,0
746,3106,71:44,72:04,Casey Short,Chicago Red Stars,2nd half,25.8,57.2,1,Yuki Ogimi-Nagasato,31.1,64.9,0,0
747,3108,71:46,72:06,Yuki Ogimi-Nagasato,Chicago Red Stars,2nd half,31.1,64.9,1,Vanessa Sue Di Bernardo,35.7,50.3,0,0
748,3112,71:48,72:08,Vanessa Sue Di Bernardo,Chicago Red Stars,2nd half,39.9,54.4,1,Samantha Kerr,48.7,48.4,0,0
749,3115,71:51,72:11,Samantha Kerr,Chicago Red Stars,2nd half,44.1,48.1,1,Casey Short,47.2,60.3,0,0
750,3117,71:53,72:13,Casey Short,Chicago Red Stars,2nd half,47.2,60.3,1,Vanessa Sue Di Bernardo,39.7,56.5,0,0
751,3119,71:56,72:16,Vanessa Sue Di Bernardo,Chicago Red Stars,2nd half,43.3,49.6,0,McCall RaNae Zerboni,41.4,48.1,0,0
752,3127,71:59,72:19,Morgan Gautrat,Chicago Red Stars,2nd half,33.2,32.6,1,Julie Beth Ertz,38.0,22.7,0,0
753,3129,72:02,72:22,Julie Beth Ertz,Chicago Red Stars,2nd half,44.9,16.3,1,Sarah Gorden,59.6,6.9,0,0
754,3132,72:06,72:26,Sarah Gorden,Chicago Red Stars,2nd half,56.3,6.9,1,Morgan Gautrat,61.1,23.9,0,0
755,3134,72:08,72:28,Morgan Gautrat,Chicago Red Stars,2nd half,61.1,23.9,1,Danielle Colaprico,56.1,20.6,0,0
756,3137,72:11,72:31,Danielle Colaprico,Chicago Red Stars,2nd half,65.5,15.1,1,Sarah Gorden,76.4,3.6,0,0
757,3141,72:13,72:33,Sarah Gorden,Chicago Red Stars,2nd half,77.3,7.2,1,Yuki Ogimi-Nagasato,82.7,18.2,0,0
758,3144,72:15,72:35,Yuki Ogimi-Nagasato,Chicago Red Stars,2nd half,80.2,13.6,1,Sarah Gorden,90.9,10.1,0,0
759,3147,72:18,72:38,Sarah Gorden,Chicago Red Stars,2nd half,90.9,10.3,1,Yuki Ogimi-Nagasato,82.3,13.6,0,0
760,3150,72:20,72:40,Yuki Ogimi-Nagasato,Chicago Red Stars,2nd half,83.6,14.1,1,Morgan Gautrat,82.1,30.4,0,0
761,3152,72:21,72:41,Morgan Gautrat,Chicago Red Stars,2nd half,82.1,30.4,1,Danielle Colaprico,77.5,28.7,0,0
762,3155,72:22,72:42,Danielle Colaprico,Chicago Red Stars,2nd half,77.5,28.7,1,Yuki Ogimi-Nagasato,90.1,19.2,0,0
763,3157,72:23,72:43,Yuki Ogimi-Nagasato,Chicago Red Stars,2nd half,90.1,19.2,0,Abby Dahlkemper,94.5,35.9,0,0
764,3163,72:26,72:46,Heather Ann OReilly,North Carolina Courage,2nd half,8.0,22.0,0,Vanessa Sue Di Bernardo,10.7,20.1,0,0
765,3169,72:32,72:52,Vanessa Sue Di Bernardo,Chicago Red Stars,2nd half,100.2,62.7,1,Morgan Gautrat,96.4,58.2,0,0
766,3172,72:36,72:56,Morgan Gautrat,Chicago Red Stars,2nd half,98.7,60.8,1,Vanessa Sue Di Bernardo,103.1,64.2,0,0
767,3180,74:03,74:23,Morgan Gautrat,Chicago Red Stars,2nd half,98.5,61.5,0,McCall RaNae Zerboni,101.8,39.5,0,0
768,3185,74:57,75:17,Casey Short,Chicago Red Stars,2nd half,92.0,68.0,1,Yuki Ogimi-Nagasato,97.2,60.1,0,0
769,3188,74:59,75:19,Yuki Ogimi-Nagasato,Chicago Red Stars,2nd half,95.3,58.4,1,Morgan Gautrat,87.8,59.9,0,0
770,3193,75:01,75:21,Morgan Gautrat,Chicago Red Stars,2nd half,81.9,56.5,0,Abby May Erceg,96.4,30.6,1,0
771,3196,75:03,75:23,Abby May Erceg,North Carolina Courage,2nd half,8.6,37.4,1,Jaelene Mckenzie Daniels,21.2,63.2,0,0
772,3199,75:07,75:27,Jaelene Mckenzie Daniels,North Carolina Courage,2nd half,21.2,63.2,0,Sarah Gorden,24.8,62.5,0,0
773,3210,75:43,76:03,Morgan Gautrat,Chicago Red Stars,2nd half,105.0,0.0,1,Kathleen Camille Naughton,97.4,39.3,0,0
774,3223,75:54,76:14,Debinha,North Carolina Courage,2nd half,31.9,4.3,1,Samantha Mewis,25.0,9.8,0,0
775,3225,75:56,76:16,Samantha Mewis,North Carolina Courage,2nd half,25.0,9.8,1,Kristen Hamilton,59.8,45.5,0,0
776,3229,76:00,76:20,Kristen Hamilton,North Carolina Courage,2nd half,60.1,45.3,1,Lynn Williams,75.8,48.4,0,0
777,3247,76:07,76:27,Kristen Hamilton,North Carolina Courage,2nd half,86.5,42.4,1,Lynn Williams,93.0,44.1,0,0
778,3255,77:24,77:44,Heather Ann OReilly,North Carolina Courage,2nd half,105.0,0.0,1,Samantha Mewis,97.9,29.5,0,0
779,3261,79:37,79:57,Alyssa Naeher,Chicago Red Stars,2nd half,6.1,35.0,1,Katie Johnson Carreon,58.2,17.2,0,0
780,3269,79:39,79:59,Jaelene Mckenzie Daniels,North Carolina Courage,2nd half,41.4,56.7,1,Denise O'Sullivan,47.2,51.0,0,0
781,3272,79:40,80:00,Denise O'Sullivan,North Carolina Courage,2nd half,47.2,51.0,0,Danielle Colaprico,50.4,53.4,0,0
782,3278,79:42,80:02,Danielle Colaprico,Chicago Red Stars,2nd half,48.3,16.3,1,Julie Beth Ertz,35.1,16.0,0,0
783,3281,79:45,80:05,Julie Beth Ertz,Chicago Red Stars,2nd half,37.8,16.3,1,Danielle Colaprico,48.9,10.3,0,0
784,3282,79:46,80:06,Danielle Colaprico,Chicago Red Stars,2nd half,48.9,10.3,1,Sarah Gorden,44.9,4.5,0,0
785,3285,79:50,80:10,Sarah Gorden,Chicago Red Stars,2nd half,59.2,5.3,0,Denise O'Sullivan,63.2,9.8,0,0
786,3292,79:56,80:16,Sarah Gorden,Chicago Red Stars,2nd half,61.3,6.0,1,Katie Johnson Carreon,70.6,9.3,0,0
787,3300,79:58,80:18,Denise O'Sullivan,North Carolina Courage,2nd half,40.7,59.6,1,Samantha Mewis,37.6,56.3,0,0
788,3305,79:58,80:18,Samantha Mewis,North Carolina Courage,2nd half,37.6,56.3,1,Kristen Hamilton,44.5,61.3,0,0
789,3307,80:00,80:20,Kristen Hamilton,North Carolina Courage,2nd half,44.5,61.3,1,Samantha Mewis,49.1,51.5,0,0
790,3311,80:04,80:24,Samantha Mewis,North Carolina Courage,2nd half,64.1,58.4,1,Kristen Hamilton,76.7,66.3,0,0
791,3320,80:13,80:33,Nicole Leslie Stanton,Chicago Red Stars,2nd half,25.6,0.7,1,Sarah Gorden,25.8,9.6,0,0
792,3323,80:16,80:36,Sarah Gorden,Chicago Red Stars,2nd half,27.5,9.6,1,Morgan Gautrat,33.8,27.1,0,0
793,3328,80:23,80:43,Morgan Gautrat,Chicago Red Stars,2nd half,42.8,46.5,1,Yuki Ogimi-Nagasato,49.6,55.5,0,0
794,3330,80:25,80:45,Yuki Ogimi-Nagasato,Chicago Red Stars,2nd half,46.4,57.5,1,Casey Short,39.3,63.5,0,0
795,3334,80:29,80:49,Casey Short,Chicago Red Stars,2nd half,33.6,63.0,1,Kathleen Camille Naughton,23.9,57.2,0,0
796,3335,80:31,80:51,Kathleen Camille Naughton,Chicago Red Stars,2nd half,23.9,57.2,1,Casey Short,29.0,64.2,0,0
797,3339,80:33,80:53,Casey Short,Chicago Red Stars,2nd half,28.8,58.4,1,Danielle Colaprico,32.6,49.1,0,0
798,3341,80:34,80:54,Danielle Colaprico,Chicago Red Stars,2nd half,32.6,49.1,0,McCall RaNae Zerboni,36.3,55.3,0,0
799,3350,80:39,80:59,McCall RaNae Zerboni,North Carolina Courage,2nd half,68.5,30.9,1,Jaelene Mckenzie Daniels,60.1,59.4,0,0
800,3354,80:46,81:06,Jaelene Mckenzie Daniels,North Carolina Courage,2nd half,72.2,60.8,0,Alyssa Naeher,99.5,33.3,0,0
801,3357,81:07,81:27,Alyssa Naeher,Chicago Red Stars,2nd half,5.5,34.7,1,Samantha Kerr,55.4,34.2,0,0
802,3361,81:10,81:30,Samantha Mewis,North Carolina Courage,2nd half,49.6,33.8,1,Kristen Hamilton,69.1,33.8,0,0
803,3368,81:14,81:34,Kristen Hamilton,North Carolina Courage,2nd half,67.2,24.9,0,Kathleen Camille Naughton,84.0,19.9,0,0
804,3374,81:42,82:02,Heather Ann OReilly,North Carolina Courage,2nd half,79.2,0.0,1,Lynn Williams,95.3,4.3,0,0
805,3384,81:47,82:07,Lynn Williams,North Carolina Courage,2nd half,91.1,11.3,0,Sarah Gorden,93.9,37.1,1,0
806,3393,82:12,82:32,Heather Ann OReilly,North Carolina Courage,2nd half,99.5,0.0,1,Lynn Williams,100.0,8.9,0,0
807,3394,82:13,82:33,Lynn Williams,North Carolina Courage,2nd half,100.0,8.9,1,Heather Ann OReilly,98.9,1.9,0,0
808,3402,82:18,82:38,Heather Ann OReilly,North Carolina Courage,2nd half,84.6,9.1,1,Denise O'Sullivan,64.3,5.0,0,0
809,3406,82:20,82:40,Denise O'Sullivan,North Carolina Courage,2nd half,63.2,6.2,1,Abby Dahlkemper,55.0,12.9,0,0
810,3409,82:26,82:46,Abby Dahlkemper,North Carolina Courage,2nd half,55.0,33.8,1,Abby May Erceg,38.0,48.6,0,0
811,3412,82:29,82:49,Abby May Erceg,North Carolina Courage,2nd half,43.5,49.1,1,Abby Dahlkemper,48.3,19.2,0,0
812,3414,82:32,82:52,Abby Dahlkemper,North Carolina Courage,2nd half,46.2,22.0,1,Heather Ann OReilly,64.9,3.8,0,0
813,3418,82:35,82:55,Heather Ann OReilly,North Carolina Courage,2nd half,68.5,1.0,1,McCall RaNae Zerboni,73.5,11.0,0,0
814,3424,82:36,82:56,Danielle Colaprico,Chicago Red Stars,2nd half,31.5,57.0,1,Yuki Ogimi-Nagasato,35.1,63.5,0,0
815,3426,82:38,82:58,Yuki Ogimi-Nagasato,Chicago Red Stars,2nd half,33.8,58.9,1,Morgan Gautrat,42.2,47.2,0,0
816,3428,82:39,82:59,Morgan Gautrat,Chicago Red Stars,2nd half,42.2,47.2,1,Samantha Kerr,53.3,48.1,0,0
817,3432,82:43,83:03,Samantha Kerr,Chicago Red Stars,2nd half,44.7,45.3,1,Nicole Leslie Stanton,47.2,28.5,0,0
818,3435,82:47,83:07,Nicole Leslie Stanton,Chicago Red Stars,2nd half,63.8,24.2,1,Katie Johnson Carreon,75.6,23.2,0,0
819,3439,82:49,83:09,Katie Johnson Carreon,Chicago Red Stars,2nd half,71.8,23.7,0,Abby Dahlkemper,80.9,36.6,0,0
820,3444,82:53,83:13,Abby Dahlkemper,North Carolina Courage,2nd half,31.1,32.1,1,Kristen Hamilton,62.0,67.0,0,0
821,3449,83:38,83:58,Sarah Gorden,Chicago Red Stars,2nd half,43.0,0.0,1,Katie Johnson Carreon,48.3,8.9,0,0
822,3451,83:40,84:00,Katie Johnson Carreon,Chicago Red Stars,2nd half,47.2,9.6,1,Sarah Gorden,42.8,1.9,0,0
823,3454,83:42,84:02,Sarah Gorden,Chicago Red Stars,2nd half,42.0,3.4,1,Morgan Gautrat,48.7,8.1,0,0
824,3458,83:43,84:03,Morgan Gautrat,Chicago Red Stars,2nd half,46.6,6.5,1,Katie Johnson Carreon,56.5,6.9,0,0
825,3460,83:45,84:05,Katie Johnson Carreon,Chicago Red Stars,2nd half,58.8,8.4,1,Nicole Leslie Stanton,48.7,18.4,0,0
826,3463,83:47,84:07,Nicole Leslie Stanton,Chicago Red Stars,2nd half,57.5,32.6,1,Yuki Ogimi-Nagasato,66.4,38.1,0,0
827,3472,83:54,84:14,McCall RaNae Zerboni,North Carolina Courage,2nd half,77.9,33.0,1,Kristen Hamilton,86.3,48.8,0,0
828,3475,83:58,84:18,Kristen Hamilton,North Carolina Courage,2nd half,88.4,47.9,0,Julie Beth Ertz,93.4,46.7,0,0
829,3481,84:00,84:20,Julie Beth Ertz,Chicago Red Stars,2nd half,12.4,17.5,1,Sarah Gorden,45.8,5.0,0,0
830,3484,84:08,84:28,Sarah Gorden,Chicago Red Stars,2nd half,55.7,5.5,1,Nicole Leslie Stanton,56.9,16.8,0,0
831,3486,84:09,84:29,Nicole Leslie Stanton,Chicago Red Stars,2nd half,56.9,16.8,0,Heather Ann OReilly,77.3,35.7,0,0
832,3491,84:13,84:33,Heather Ann OReilly,North Carolina Courage,2nd half,26.7,38.5,1,Abby May Erceg,20.4,45.0,0,0
833,3492,84:14,84:34,Abby May Erceg,North Carolina Courage,2nd half,20.4,45.0,0,Kathleen Camille Naughton,68.7,38.3,0,0
834,3495,84:20,84:40,Kathleen Camille Naughton,Chicago Red Stars,2nd half,39.7,27.1,1,Morgan Gautrat,51.5,18.0,0,0
835,3496,84:24,84:44,Morgan Gautrat,Chicago Red Stars,2nd half,51.5,18.0,0,Heather Ann OReilly,80.6,47.2,0,0
836,3498,84:26,84:46,Heather Ann OReilly,North Carolina Courage,2nd half,24.4,20.8,1,Stephanie Labbe,79.0,63.5,0,0
837,3501,84:43,85:03,Stephanie Labbe,North Carolina Courage,2nd half,10.9,27.5,0,Sarah Gorden,79.0,63.5,0,0
838,3502,84:49,85:09,Sarah Gorden,Chicago Red Stars,2nd half,26.0,4.5,1,Alyssa Naeher,6.3,31.6,0,0
839,3507,84:57,85:17,Alyssa Naeher,Chicago Red Stars,2nd half,13.9,33.0,1,Brooke Elby,55.2,50.8,0,0
840,3510,85:00,85:20,Brooke Elby,Chicago Red Stars,2nd half,55.9,53.2,0,Denise O'Sullivan,56.5,50.8,0,0
841,3512,85:03,85:23,Denise O'Sullivan,North Carolina Courage,2nd half,48.5,17.2,1,Heather Ann OReilly,39.3,10.8,0,0
842,3515,85:04,85:24,Heather Ann OReilly,North Carolina Courage,2nd half,39.3,10.8,1,Abby Dahlkemper,29.4,16.5,0,0
843,3517,85:06,85:26,Abby Dahlkemper,North Carolina Courage,2nd half,29.4,16.5,1,Debinha,56.3,27.5,0,0
844,3525,85:12,85:32,Julie Beth Ertz,Chicago Red Stars,2nd half,40.9,27.8,0,Jaelene Mckenzie Daniels,68.5,0.0,0,0
845,3526,85:27,85:47,Jaelene Mckenzie Daniels,North Carolina Courage,2nd half,36.5,68.0,1,Debinha,42.6,64.4,0,0
846,3527,85:30,85:50,Debinha,North Carolina Courage,2nd half,42.6,64.4,1,Abby May Erceg,27.5,58.9,0,0
847,3528,85:33,85:53,Abby May Erceg,North Carolina Courage,2nd half,27.5,58.9,1,Stephanie Labbe,9.0,38.3,0,0
848,3529,85:35,85:55,Stephanie Labbe,North Carolina Courage,2nd half,9.0,38.3,1,Denise O'Sullivan,40.7,32.8,0,0
849,3535,85:40,86:00,Nicole Leslie Stanton,Chicago Red Stars,2nd half,55.7,24.9,1,Brooke Elby,61.7,31.8,0,0
850,3542,85:42,86:02,Brooke Elby,Chicago Red Stars,2nd half,61.7,31.8,1,Morgan Gautrat,70.6,35.2,0,0
851,3546,85:43,86:03,Morgan Gautrat,Chicago Red Stars,2nd half,70.6,35.2,1,Brooke Elby,63.0,34.2,0,0
852,3549,85:47,86:07,Brooke Elby,Chicago Red Stars,2nd half,57.1,44.5,1,Kathleen Camille Naughton,42.2,46.0,0,0
853,3552,85:51,86:11,Kathleen Camille Naughton,Chicago Red Stars,2nd half,47.7,48.4,1,Casey Short,67.4,63.2,0,0
854,3556,85:53,86:13,Casey Short,Chicago Red Stars,2nd half,72.9,61.8,1,Morgan Gautrat,76.7,51.5,0,0
855,3560,85:59,86:19,Morgan Gautrat,Chicago Red Stars,2nd half,82.3,59.9,0,Abby Dahlkemper,91.4,41.9,1,0
856,3573,86:35,86:55,Stephanie Labbe,North Carolina Courage,2nd half,5.5,30.2,1,Lynn Williams,52.9,7.7,0,0
857,3577,86:38,86:58,Lynn Williams,North Carolina Courage,2nd half,52.9,7.7,1,Kristen Hamilton,67.6,11.3,0,0
858,3589,86:42,87:02,Kathleen Camille Naughton,Chicago Red Stars,2nd half,38.8,54.8,1,Casey Short,43.9,61.3,0,0
859,3591,86:43,87:03,Casey Short,Chicago Red Stars,2nd half,47.0,60.1,1,Yuki Ogimi-Nagasato,58.2,51.5,0,0
860,3599,87:00,87:20,Yuki Ogimi-Nagasato,Chicago Red Stars,2nd half,56.1,49.1,1,Julie Beth Ertz,46.4,33.5,0,0
861,3602,87:02,87:22,Julie Beth Ertz,Chicago Red Stars,2nd half,47.5,34.5,1,Nicole Leslie Stanton,56.7,34.5,0,0
862,3606,87:07,87:27,Nicole Leslie Stanton,Chicago Red Stars,2nd half,66.2,24.7,0,Heather Ann OReilly,92.4,45.7,0,0
863,3608,87:09,87:29,Heather Ann OReilly,North Carolina Courage,2nd half,12.6,22.3,0,Katie Johnson Carreon,21.2,36.4,0,0
864,3614,87:12,87:32,Abby May Erceg,North Carolina Courage,2nd half,13.6,33.8,0,Katie Johnson Carreon,13.6,33.8,0,0
865,3633,87:22,87:42,Kathleen Camille Naughton,Chicago Red Stars,2nd half,47.9,33.5,1,Nicole Leslie Stanton,57.1,31.8,0,0
866,3635,87:26,87:46,Nicole Leslie Stanton,Chicago Red Stars,2nd half,62.2,48.1,1,Casey Short,67.4,64.9,0,0
867,3639,87:29,87:49,Casey Short,Chicago Red Stars,2nd half,71.6,63.2,1,Brooke Elby,78.3,63.2,0,0
868,3640,87:29,87:49,Brooke Elby,Chicago Red Stars,2nd half,78.3,63.2,1,Casey Short,75.2,58.2,0,0
869,3652,87:53,88:13,Yuki Ogimi-Nagasato,Chicago Red Stars,2nd half,76.7,56.7,1,Casey Short,93.2,50.0,0,0
870,3661,89:06,89:26,Stephanie Labbe,North Carolina Courage,2nd half,5.0,31.1,1,Kristen Hamilton,58.2,14.4,0,0
871,3663,89:07,89:27,Kathleen Camille Naughton,Chicago Red Stars,2nd half,46.8,53.6,1,Yuki Ogimi-Nagasato,63.0,48.6,0,0
872,3669,89:10,89:30,Yuki Ogimi-Nagasato,Chicago Red Stars,2nd half,63.0,48.6,0,Stephanie Labbe,90.5,40.5,0,0
873,3672,89:28,89:48,Yuki Ogimi-Nagasato,Chicago Red Stars,2nd half,62.8,46.2,1,Morgan Gautrat,55.7,51.5,0,0
874,3680,89:32,89:52,Morgan Gautrat,Chicago Red Stars,2nd half,60.1,51.7,0,Cari Elizabeth Roccaro,81.3,58.9,0,0
875,3682,89:34,89:54,Cari Elizabeth Roccaro,North Carolina Courage,2nd half,23.7,9.1,1,Abby Dahlkemper,19.5,15.6,0,0
876,3685,89:35,89:55,Abby Dahlkemper,North Carolina Courage,2nd half,19.5,15.6,1,McCall RaNae Zerboni,32.8,11.5,0,0
877,3686,89:37,89:57,McCall RaNae Zerboni,North Carolina Courage,2nd half,32.8,11.5,1,Debinha,32.1,18.0,0,0
878,3687,89:38,89:58,Debinha,North Carolina Courage,2nd half,32.1,18.0,1,McCall RaNae Zerboni,28.8,6.0,0,0
879,3688,89:40,90:00,McCall RaNae Zerboni,North Carolina Courage,2nd half,28.8,6.0,1,Abby Dahlkemper,28.1,10.1,0,0
880,3690,90:07,90:27,Abby Dahlkemper,North Carolina Courage,2nd half,28.1,10.1,0,Casey Short,86.3,0.0,0,0
881,3692,90:15,90:35,Casey Short,Chicago Red Stars,2nd half,18.7,68.0,1,Kathleen Camille Naughton,11.8,59.4,0,0
882,3693,90:17,90:37,Kathleen Camille Naughton,Chicago Red Stars,2nd half,11.8,59.4,1,Casey Short,15.8,64.4,0,0
883,3694,90:19,90:39,Casey Short,Chicago Red Stars,2nd half,15.8,64.4,1,Nicole Leslie Stanton,20.2,56.5,0,0
884,3695,90:20,90:40,Nicole Leslie Stanton,Chicago Red Stars,2nd half,20.2,56.5,1,Morgan Gautrat,26.7,55.5,0,0
885,3696,90:21,90:41,Morgan Gautrat,Chicago Red Stars,2nd half,26.7,55.5,1,Brooke Elby,23.5,63.9,0,0
886,3697,90:24,90:44,Brooke Elby,Chicago Red Stars,2nd half,23.5,63.9,1,Casey Short,19.5,58.2,0,0
887,3698,90:25,90:45,Casey Short,Chicago Red Stars,2nd half,19.5,58.2,1,Brooke Elby,30.2,62.5,0,0
888,3700,90:27,90:47,Brooke Elby,Chicago Red Stars,2nd half,26.5,63.7,0,McCall RaNae Zerboni,30.2,62.5,0,0
889,3704,90:28,90:48,Lynn Williams,North Carolina Courage,2nd half,82.7,9.8,0,Brooke Elby,85.5,6.2,0,0
890,3710,90:33,90:53,Brooke Elby,Chicago Red Stars,2nd half,8.4,61.3,1,Julie Beth Ertz,12.2,25.6,0,0
891,3713,90:44,91:04,Julie Beth Ertz,Chicago Red Stars,2nd half,47.9,21.1,1,Sarah Gorden,70.8,5.3,0,0
892,3718,90:51,91:11,Sarah Gorden,Chicago Red Stars,2nd half,83.6,5.3,1,Yuki Ogimi-Nagasato,82.5,19.9,0,0
893,3720,90:52,91:12,Yuki Ogimi-Nagasato,Chicago Red Stars,2nd half,80.6,20.4,1,Nicole Leslie Stanton,73.9,22.7,0,0
894,3726,90:54,91:14,Nicole Leslie Stanton,Chicago Red Stars,2nd half,73.9,22.7,1,Katie Johnson Carreon,90.3,24.4,0,0
895,3730,90:58,91:18,Katie Johnson Carreon,Chicago Red Stars,2nd half,91.8,21.8,1,Yuki Ogimi-Nagasato,88.6,9.1,0,0
896,3736,91:01,91:21,Yuki Ogimi-Nagasato,Chicago Red Stars,2nd half,93.9,6.0,0,Samantha Mewis,93.4,21.1,1,0
897,3739,91:04,91:24,Samantha Mewis,North Carolina Courage,2nd half,10.7,51.5,1,Kristen Hamilton,37.6,62.5,0,0
898,3742,91:08,91:28,Kristen Hamilton,North Carolina Courage,2nd half,39.5,65.4,0,,,,0,0
